match_id,season,start_date,venue,innings,ball,batting_team,bowling_team,striker,non_striker,bowler,runs_off_bat,extras,wides,noballs,byes,legbyes,penalty,wicket_type,player_dismissed,other_wicket_type,other_player_dismissed
1198242,2020,2020-08-13,The Rose Bowl,1,0.1,Pakistan,England,Shan Masood,Abid Ali,JM Anderson,1,0,,,,,,,,,
1198242,2020,2020-08-13,The Rose Bowl,1,0.2,Pakistan,England,Abid Ali,Shan Masood,JM Anderson,0,0,,,,,,,,,
1198242,2020,2020-08-13,The Rose Bowl,1,0.3,Pakistan,England,Abid Ali,Shan Masood,JM Anderson,0,0,,,,,,,,,
1198242,2020,2020-08-13,The Rose Bowl,1,0.4,Pakistan,England,Abid Ali,Shan Masood,JM Anderson,1,0,,,,,,,,,
1198242,2020,2020-08-13,The Rose Bowl,1,0.5,Pakistan,England,Shan Masood,Abid Ali,JM Anderson,0,4,,,,4,,,,,
1198242,2020,2020-08-13,The Rose Bowl,1,0.6,Pakistan,England,Shan Masood,Abid Ali,JM Anderson,0,0,,,,,,,,,
1198242,2020,2020-08-13,The Rose Bowl,1,1.1,Pakistan,England,Abid Ali,Shan Masood,SCJ Broad,0,0,,,,,,,,,
1198242,2020,2020-08-13,The Rose Bowl,1,1.2,Pakistan,England,Abid Ali,Shan Masood,SCJ Broad,0,0,,,,,,,,,
1198242,2020,2020-08-13,The Rose Bowl,1,1.3,Pakistan,England,Abid Ali,Shan Masood,SCJ Broad,0,0,,,,,,,,,
1198242,2020,2020-08-13,The Rose Bowl,1,1.4,Pakistan,England,Abid Ali,Shan Masood,SCJ Broad,0,0,,,,,,,,,
1198242,2020,2020-08-13,The Rose Bowl,1,1.5,Pakistan,England,Abid Ali,Shan Masood,SCJ Broad,0,0,,,,,,,,,
1198242,2020,2020-08-13,The Rose Bowl,1,1.6,Pakistan,England,Abid Ali,Shan Masood,SCJ Broad,0,0,,,,,,,,,
1198242,2020,2020-08-13,The Rose Bowl,1,2.1,Pakistan,England,Shan Masood,Abid Ali,JM Anderson,0,0,,,,,,,,,
1198242,2020,2020-08-13,The Rose Bowl,1,2.2,Pakistan,England,Shan Masood,Abid Ali,JM Anderson,0,0,,,,,,lbw,Shan Masood,,
1198242,2020,2020-08-13,The Rose Bowl,1,2.3,Pakistan,England,Azhar Ali,Abid Ali,JM Anderson,0,0,,,,,,,,,
1198242,2020,2020-08-13,The Rose Bowl,1,2.4,Pakistan,England,Azhar Ali,Abid Ali,JM Anderson,0,0,,,,,,,,,
1198242,2020,2020-08-13,The Rose Bowl,1,2.5,Pakistan,England,Azhar Ali,Abid Ali,JM Anderson,0,0,,,,,,,,,
1198242,2020,2020-08-13,The Rose Bowl,1,2.6,Pakistan,England,Azhar Ali,Abid Ali,JM Anderson,0,0,,,,,,,,,
1198242,2020,2020-08-13,The Rose Bowl,1,3.1,Pakistan,England,Abid Ali,Azhar Ali,SCJ Broad,0,0,,,,,,,,,
1198242,2020,2020-08-13,The Rose Bowl,1,3.2,Pakistan,England,Abid Ali,Azhar Ali,SCJ Broad,0,0,,,,,,,,,
1198242,2020,2020-08-13,The Rose Bowl,1,3.3,Pakistan,England,Abid Ali,Azhar Ali,SCJ Broad,1,0,,,,,,,,,
1198242,2020,2020-08-13,The Rose Bowl,1,3.4,Pakistan,England,Azhar Ali,Abid Ali,SCJ Broad,0,0,,,,,,,,,
1198242,2020,2020-08-13,The Rose Bowl,1,3.5,Pakistan,England,Azhar Ali,Abid Ali,SCJ Broad,0,0,,,,,,,,,
1198242,2020,2020-08-13,The Rose Bowl,1,3.6,Pakistan,England,Azhar Ali,Abid Ali,SCJ Broad,0,0,,,,,,,,,
1198242,2020,2020-08-13,The Rose Bowl,1,4.1,Pakistan,England,Abid Ali,Azhar Ali,JM Anderson,0,0,,,,,,,,,
1198242,2020,2020-08-13,The Rose Bowl,1,4.2,Pakistan,England,Abid Ali,Azhar Ali,JM Anderson,4,0,,,,,,,,,
1198242,2020,2020-08-13,The Rose Bowl,1,4.3,Pakistan,England,Abid Ali,Azhar Ali,JM Anderson,0,0,,,,,,,,,
1198242,2020,2020-08-13,The Rose Bowl,1,4.4,Pakistan,England,Abid Ali,Azhar Ali,JM Anderson,0,0,,,,,,,,,
1198242,2020,2020-08-13,The Rose Bowl,1,4.5,Pakistan,England,Abid Ali,Azhar Ali,JM Anderson,0,0,,,,,,,,,
1198242,2020,2020-08-13,The Rose Bowl,1,4.6,Pakistan,England,Abid Ali,Azhar Ali,JM Anderson,0,0,,,,,,,,,
1198242,2020,2020-08-13,The Rose Bowl,1,5.1,Pakistan,England,Azhar Ali,Abid Ali,SCJ Broad,0,0,,,,,,,,,
1198242,2020,2020-08-13,The Rose Bowl,1,5.2,Pakistan,England,Azhar Ali,Abid Ali,SCJ Broad,0,0,,,,,,,,,
1198242,2020,2020-08-13,The Rose Bowl,1,5.3,Pakistan,England,Azhar Ali,Abid Ali,SCJ Broad,0,0,,,,,,,,,
1198242,2020,2020-08-13,The Rose Bowl,1,5.4,Pakistan,England,Azhar Ali,Abid Ali,SCJ Broad,0,0,,,,,,,,,
1198242,2020,2020-08-13,The Rose Bowl,1,5.5,Pakistan,England,Azhar Ali,Abid Ali,SCJ Broad,2,0,,,,,,,,,
1198242,2020,2020-08-13,The Rose Bowl,1,5.6,Pakistan,England,Azhar Ali,Abid Ali,SCJ Broad,2,0,,,,,,,,,
1198242,2020,2020-08-13,The Rose Bowl,1,6.1,Pakistan,England,Abid Ali,Azhar Ali,JM Anderson,2,0,,,,,,,,,
1198242,2020,2020-08-13,The Rose Bowl,1,6.2,Pakistan,England,Abid Ali,Azhar Ali,JM Anderson,1,0,,,,,,,,,
1198242,2020,2020-08-13,The Rose Bowl,1,6.3,Pakistan,England,Azhar Ali,Abid Ali,JM Anderson,0,0,,,,,,,,,
1198242,2020,2020-08-13,The Rose Bowl,1,6.4,Pakistan,England,Azhar Ali,Abid Ali,JM Anderson,0,0,,,,,,,,,
1198242,2020,2020-08-13,The Rose Bowl,1,6.5,Pakistan,England,Azhar Ali,Abid Ali,JM Anderson,0,0,,,,,,,,,
1198242,2020,2020-08-13,The Rose Bowl,1,6.6,Pakistan,England,Azhar Ali,Abid Ali,JM Anderson,0,0,,,,,,,,,
1198242,2020,2020-08-13,The Rose Bowl,1,7.1,Pakistan,England,Abid Ali,Azhar Ali,SCJ Broad,0,0,,,,,,,,,
1198242,2020,2020-08-13,The Rose Bowl,1,7.2,Pakistan,England,Abid Ali,Azhar Ali,SCJ Broad,0,0,,,,,,,,,
1198242,2020,2020-08-13,The Rose Bowl,1,7.3,Pakistan,England,Abid Ali,Azhar Ali,SCJ Broad,0,0,,,,,,,,,
1198242,2020,2020-08-13,The Rose Bowl,1,7.4,Pakistan,England,Abid Ali,Azhar Ali,SCJ Broad,0,4,,,4,,,,,,
1198242,2020,2020-08-13,The Rose Bowl,1,7.5,Pakistan,England,Abid Ali,Azhar Ali,SCJ Broad,0,0,,,,,,,,,
1198242,2020,2020-08-13,The Rose Bowl,1,7.6,Pakistan,England,Abid Ali,Azhar Ali,SCJ Broad,0,0,,,,,,,,,
1198242,2020,2020-08-13,The Rose Bowl,1,8.1,Pakistan,England,Azhar Ali,Abid Ali,JM Anderson,1,0,,,,,,,,,
1198242,2020,2020-08-13,The Rose Bowl,1,8.2,Pakistan,England,Abid Ali,Azhar Ali,JM Anderson,0,0,,,,,,,,,
1198242,2020,2020-08-13,The Rose Bowl,1,8.3,Pakistan,England,Abid Ali,Azhar Ali,JM Anderson,0,0,,,,,,,,,
1198242,2020,2020-08-13,The Rose Bowl,1,8.4,Pakistan,England,Abid Ali,Azhar Ali,JM Anderson,0,0,,,,,,,,,
1198242,2020,2020-08-13,The Rose Bowl,1,8.5,Pakistan,England,Abid Ali,Azhar Ali,JM Anderson,0,0,,,,,,,,,
1198242,2020,2020-08-13,The Rose Bowl,1,8.6,Pakistan,England,Abid Ali,Azhar Ali,JM Anderson,0,0,,,,,,,,,
1198242,2020,2020-08-13,The Rose Bowl,1,9.1,Pakistan,England,Azhar Ali,Abid Ali,SCJ Broad,1,0,,,,,,,,,
1198242,2020,2020-08-13,The Rose Bowl,1,9.2,Pakistan,England,Abid Ali,Azhar Ali,SCJ Broad,0,0,,,,,,,,,
1198242,2020,2020-08-13,The Rose Bowl,1,9.3,Pakistan,England,Abid Ali,Azhar Ali,SCJ Broad,0,0,,,,,,,,,
1198242,2020,2020-08-13,The Rose Bowl,1,9.4,Pakistan,England,Abid Ali,Azhar Ali,SCJ Broad,0,0,,,,,,,,,
1198242,2020,2020-08-13,The Rose Bowl,1,9.5,Pakistan,England,Abid Ali,Azhar Ali,SCJ Broad,1,0,,,,,,,,,
1198242,2020,2020-08-13,The Rose Bowl,1,9.6,Pakistan,England,Azhar Ali,Abid Ali,SCJ Broad,0,0,,,,,,,,,
1198242,2020,2020-08-13,The Rose Bowl,1,10.1,Pakistan,England,Abid Ali,Azhar Ali,SM Curran,1,0,,,,,,,,,
1198242,2020,2020-08-13,The Rose Bowl,1,10.2,Pakistan,England,Azhar Ali,Abid Ali,SM Curran,1,0,,,,,,,,,
1198242,2020,2020-08-13,The Rose Bowl,1,10.3,Pakistan,England,Abid Ali,Azhar Ali,SM Curran,0,0,,,,,,,,,
1198242,2020,2020-08-13,The Rose Bowl,1,10.4,Pakistan,England,Abid Ali,Azhar Ali,SM Curran,0,0,,,,,,,,,
1198242,2020,2020-08-13,The Rose Bowl,1,10.5,Pakistan,England,Abid Ali,Azhar Ali,SM Curran,0,0,,,,,,,,,
1198242,2020,2020-08-13,The Rose Bowl,1,10.6,Pakistan,England,Abid Ali,Azhar Ali,SM Curran,0,0,,,,,,,,,
1198242,2020,2020-08-13,The Rose Bowl,1,11.1,Pakistan,England,Azhar Ali,Abid Ali,CR Woakes,0,0,,,,,,,,,
1198242,2020,2020-08-13,The Rose Bowl,1,11.2,Pakistan,England,Azhar Ali,Abid Ali,CR Woakes,0,0,,,,,,,,,
1198242,2020,2020-08-13,The Rose Bowl,1,11.3,Pakistan,England,Azhar Ali,Abid Ali,CR Woakes,0,0,,,,,,,,,
1198242,2020,2020-08-13,The Rose Bowl,1,11.4,Pakistan,England,Azhar Ali,Abid Ali,CR Woakes,1,0,,,,,,,,,
1198242,2020,2020-08-13,The Rose Bowl,1,11.5,Pakistan,England,Abid Ali,Azhar Ali,CR Woakes,2,0,,,,,,,,,
1198242,2020,2020-08-13,The Rose Bowl,1,11.6,Pakistan,England,Abid Ali,Azhar Ali,CR Woakes,4,0,,,,,,,,,
1198242,2020,2020-08-13,The Rose Bowl,1,12.1,Pakistan,England,Azhar Ali,Abid Ali,SM Curran,2,0,,,,,,,,,
1198242,2020,2020-08-13,The Rose Bowl,1,12.2,Pakistan,England,Azhar Ali,Abid Ali,SM Curran,0,0,,,,,,,,,
1198242,2020,2020-08-13,The Rose Bowl,1,12.3,Pakistan,England,Azhar Ali,Abid Ali,SM Curran,0,0,,,,,,,,,
1198242,2020,2020-08-13,The Rose Bowl,1,12.4,Pakistan,England,Azhar Ali,Abid Ali,SM Curran,0,0,,,,,,,,,
1198242,2020,2020-08-13,The Rose Bowl,1,12.5,Pakistan,England,Azhar Ali,Abid Ali,SM Curran,0,0,,,,,,,,,
1198242,2020,2020-08-13,The Rose Bowl,1,12.6,Pakistan,England,Azhar Ali,Abid Ali,SM Curran,0,0,,,,,,,,,
1198242,2020,2020-08-13,The Rose Bowl,1,13.1,Pakistan,England,Abid Ali,Azhar Ali,CR Woakes,4,0,,,,,,,,,
1198242,2020,2020-08-13,The Rose Bowl,1,13.2,Pakistan,England,Abid Ali,Azhar Ali,CR Woakes,0,0,,,,,,,,,
1198242,2020,2020-08-13,The Rose Bowl,1,13.3,Pakistan,England,Abid Ali,Azhar Ali,CR Woakes,1,0,,,,,,,,,
1198242,2020,2020-08-13,The Rose Bowl,1,13.4,Pakistan,England,Azhar Ali,Abid Ali,CR Woakes,0,0,,,,,,,,,
1198242,2020,2020-08-13,The Rose Bowl,1,13.5,Pakistan,England,Azhar Ali,Abid Ali,CR Woakes,0,0,,,,,,,,,
1198242,2020,2020-08-13,The Rose Bowl,1,13.6,Pakistan,England,Azhar Ali,Abid Ali,CR Woakes,0,0,,,,,,,,,
1198242,2020,2020-08-13,The Rose Bowl,1,14.1,Pakistan,England,Abid Ali,Azhar Ali,SM Curran,0,0,,,,,,,,,
1198242,2020,2020-08-13,The Rose Bowl,1,14.2,Pakistan,England,Abid Ali,Azhar Ali,SM Curran,0,0,,,,,,,,,
1198242,2020,2020-08-13,The Rose Bowl,1,14.3,Pakistan,England,Abid Ali,Azhar Ali,SM Curran,0,0,,,,,,,,,
1198242,2020,2020-08-13,The Rose Bowl,1,14.4,Pakistan,England,Abid Ali,Azhar Ali,SM Curran,1,0,,,,,,,,,
1198242,2020,2020-08-13,The Rose Bowl,1,14.5,Pakistan,England,Azhar Ali,Abid Ali,SM Curran,1,0,,,,,,,,,
1198242,2020,2020-08-13,The Rose Bowl,1,14.6,Pakistan,England,Abid Ali,Azhar Ali,SM Curran,0,0,,,,,,,,,
1198242,2020,2020-08-13,The Rose Bowl,1,15.1,Pakistan,England,Azhar Ali,Abid Ali,CR Woakes,0,0,,,,,,,,,
1198242,2020,2020-08-13,The Rose Bowl,1,15.2,Pakistan,England,Azhar Ali,Abid Ali,CR Woakes,0,0,,,,,,,,,
1198242,2020,2020-08-13,The Rose Bowl,1,15.3,Pakistan,England,Azhar Ali,Abid Ali,CR Woakes,0,0,,,,,,,,,
1198242,2020,2020-08-13,The Rose Bowl,1,15.4,Pakistan,England,Azhar Ali,Abid Ali,CR Woakes,0,0,,,,,,,,,
1198242,2020,2020-08-13,The Rose Bowl,1,15.5,Pakistan,England,Azhar Ali,Abid Ali,CR Woakes,0,0,,,,,,,,,
1198242,2020,2020-08-13,The Rose Bowl,1,15.6,Pakistan,England,Azhar Ali,Abid Ali,CR Woakes,0,0,,,,,,,,,
1198242,2020,2020-08-13,The Rose Bowl,1,16.1,Pakistan,England,Abid Ali,Azhar Ali,SM Curran,1,0,,,,,,,,,
1198242,2020,2020-08-13,The Rose Bowl,1,16.2,Pakistan,England,Azhar Ali,Abid Ali,SM Curran,0,0,,,,,,,,,
1198242,2020,2020-08-13,The Rose Bowl,1,16.3,Pakistan,England,Azhar Ali,Abid Ali,SM Curran,0,0,,,,,,,,,
1198242,2020,2020-08-13,The Rose Bowl,1,16.4,Pakistan,England,Azhar Ali,Abid Ali,SM Curran,0,0,,,,,,,,,
1198242,2020,2020-08-13,The Rose Bowl,1,16.5,Pakistan,England,Azhar Ali,Abid Ali,SM Curran,0,0,,,,,,,,,
1198242,2020,2020-08-13,The Rose Bowl,1,16.6,Pakistan,England,Azhar Ali,Abid Ali,SM Curran,0,0,,,,,,,,,
1198242,2020,2020-08-13,The Rose Bowl,1,17.1,Pakistan,England,Abid Ali,Azhar Ali,CR Woakes,0,0,,,,,,,,,
1198242,2020,2020-08-13,The Rose Bowl,1,17.2,Pakistan,England,Abid Ali,Azhar Ali,CR Woakes,0,0,,,,,,,,,
1198242,2020,2020-08-13,The Rose Bowl,1,17.3,Pakistan,England,Abid Ali,Azhar Ali,CR Woakes,0,0,,,,,,,,,
1198242,2020,2020-08-13,The Rose Bowl,1,17.4,Pakistan,England,Abid Ali,Azhar Ali,CR Woakes,0,0,,,,,,,,,
1198242,2020,2020-08-13,The Rose Bowl,1,17.5,Pakistan,England,Abid Ali,Azhar Ali,CR Woakes,0,0,,,,,,,,,
1198242,2020,2020-08-13,The Rose Bowl,1,17.6,Pakistan,England,Abid Ali,Azhar Ali,CR Woakes,1,0,,,,,,,,,
1198242,2020,2020-08-13,The Rose Bowl,1,18.1,Pakistan,England,Abid Ali,Azhar Ali,SM Curran,0,0,,,,,,,,,
1198242,2020,2020-08-13,The Rose Bowl,1,18.2,Pakistan,England,Abid Ali,Azhar Ali,SM Curran,0,0,,,,,,,,,
1198242,2020,2020-08-13,The Rose Bowl,1,18.3,Pakistan,England,Abid Ali,Azhar Ali,SM Curran,0,0,,,,,,,,,
1198242,2020,2020-08-13,The Rose Bowl,1,18.4,Pakistan,England,Abid Ali,Azhar Ali,SM Curran,3,0,,,,,,,,,
1198242,2020,2020-08-13,The Rose Bowl,1,18.5,Pakistan,England,Azhar Ali,Abid Ali,SM Curran,0,0,,,,,,,,,
1198242,2020,2020-08-13,The Rose Bowl,1,18.6,Pakistan,England,Azhar Ali,Abid Ali,SM Curran,1,0,,,,,,,,,
1198242,2020,2020-08-13,The Rose Bowl,1,19.1,Pakistan,England,Azhar Ali,Abid Ali,CR Woakes,1,0,,,,,,,,,
1198242,2020,2020-08-13,The Rose Bowl,1,19.2,Pakistan,England,Abid Ali,Azhar Ali,CR Woakes,0,0,,,,,,,,,
1198242,2020,2020-08-13,The Rose Bowl,1,19.3,Pakistan,England,Abid Ali,Azhar Ali,CR Woakes,1,0,,,,,,,,,
1198242,2020,2020-08-13,The Rose Bowl,1,19.4,Pakistan,England,Azhar Ali,Abid Ali,CR Woakes,0,0,,,,,,,,,
1198242,2020,2020-08-13,The Rose Bowl,1,19.5,Pakistan,England,Azhar Ali,Abid Ali,CR Woakes,0,0,,,,,,,,,
1198242,2020,2020-08-13,The Rose Bowl,1,19.6,Pakistan,England,Azhar Ali,Abid Ali,CR Woakes,0,0,,,,,,,,,
1198242,2020,2020-08-13,The Rose Bowl,1,20.1,Pakistan,England,Abid Ali,Azhar Ali,JM Anderson,1,0,,,,,,,,,
1198242,2020,2020-08-13,The Rose Bowl,1,20.2,Pakistan,England,Azhar Ali,Abid Ali,JM Anderson,0,0,,,,,,,,,
1198242,2020,2020-08-13,The Rose Bowl,1,20.3,Pakistan,England,Azhar Ali,Abid Ali,JM Anderson,0,0,,,,,,,,,
1198242,2020,2020-08-13,The Rose Bowl,1,20.4,Pakistan,England,Azhar Ali,Abid Ali,JM Anderson,4,0,,,,,,,,,
1198242,2020,2020-08-13,The Rose Bowl,1,20.5,Pakistan,England,Azhar Ali,Abid Ali,JM Anderson,0,0,,,,,,,,,
1198242,2020,2020-08-13,The Rose Bowl,1,20.6,Pakistan,England,Azhar Ali,Abid Ali,JM Anderson,0,0,,,,,,,,,
1198242,2020,2020-08-13,The Rose Bowl,1,21.1,Pakistan,England,Abid Ali,Azhar Ali,CR Woakes,0,0,,,,,,,,,
1198242,2020,2020-08-13,The Rose Bowl,1,21.2,Pakistan,England,Abid Ali,Azhar Ali,CR Woakes,2,0,,,,,,,,,
1198242,2020,2020-08-13,The Rose Bowl,1,21.3,Pakistan,England,Abid Ali,Azhar Ali,CR Woakes,1,0,,,,,,,,,
1198242,2020,2020-08-13,The Rose Bowl,1,21.4,Pakistan,England,Azhar Ali,Abid Ali,CR Woakes,2,0,,,,,,,,,
1198242,2020,2020-08-13,The Rose Bowl,1,21.5,Pakistan,England,Azhar Ali,Abid Ali,CR Woakes,1,0,,,,,,,,,
1198242,2020,2020-08-13,The Rose Bowl,1,21.6,Pakistan,England,Abid Ali,Azhar Ali,CR Woakes,0,0,,,,,,,,,
1198242,2020,2020-08-13,The Rose Bowl,1,22.1,Pakistan,England,Azhar Ali,Abid Ali,JM Anderson,0,0,,,,,,,,,
1198242,2020,2020-08-13,The Rose Bowl,1,22.2,Pakistan,England,Azhar Ali,Abid Ali,JM Anderson,0,0,,,,,,,,,
1198242,2020,2020-08-13,The Rose Bowl,1,22.3,Pakistan,England,Azhar Ali,Abid Ali,JM Anderson,0,0,,,,,,,,,
1198242,2020,2020-08-13,The Rose Bowl,1,22.4,Pakistan,England,Azhar Ali,Abid Ali,JM Anderson,0,0,,,,,,,,,
1198242,2020,2020-08-13,The Rose Bowl,1,22.5,Pakistan,England,Azhar Ali,Abid Ali,JM Anderson,0,0,,,,,,,,,
1198242,2020,2020-08-13,The Rose Bowl,1,22.6,Pakistan,England,Azhar Ali,Abid Ali,JM Anderson,0,0,,,,,,,,,
1198242,2020,2020-08-13,The Rose Bowl,1,23.1,Pakistan,England,Abid Ali,Azhar Ali,SCJ Broad,0,0,,,,,,,,,
1198242,2020,2020-08-13,The Rose Bowl,1,23.2,Pakistan,England,Abid Ali,Azhar Ali,SCJ Broad,0,0,,,,,,,,,
1198242,2020,2020-08-13,The Rose Bowl,1,23.3,Pakistan,England,Abid Ali,Azhar Ali,SCJ Broad,0,0,,,,,,,,,
1198242,2020,2020-08-13,The Rose Bowl,1,23.4,Pakistan,England,Abid Ali,Azhar Ali,SCJ Broad,0,0,,,,,,,,,
1198242,2020,2020-08-13,The Rose Bowl,1,23.5,Pakistan,England,Abid Ali,Azhar Ali,SCJ Broad,0,0,,,,,,,,,
1198242,2020,2020-08-13,The Rose Bowl,1,23.6,Pakistan,England,Abid Ali,Azhar Ali,SCJ Broad,0,0,,,,,,,,,
1198242,2020,2020-08-13,The Rose Bowl,1,24.1,Pakistan,England,Azhar Ali,Abid Ali,JM Anderson,0,0,,,,,,,,,
1198242,2020,2020-08-13,The Rose Bowl,1,24.2,Pakistan,England,Azhar Ali,Abid Ali,JM Anderson,0,0,,,,,,,,,
1198242,2020,2020-08-13,The Rose Bowl,1,24.3,Pakistan,England,Azhar Ali,Abid Ali,JM Anderson,0,0,,,,,,,,,
1198242,2020,2020-08-13,The Rose Bowl,1,24.4,Pakistan,England,Azhar Ali,Abid Ali,JM Anderson,0,0,,,,,,,,,
1198242,2020,2020-08-13,The Rose Bowl,1,24.5,Pakistan,England,Azhar Ali,Abid Ali,JM Anderson,0,0,,,,,,,,,
1198242,2020,2020-08-13,The Rose Bowl,1,24.6,Pakistan,England,Azhar Ali,Abid Ali,JM Anderson,0,0,,,,,,,,,
1198242,2020,2020-08-13,The Rose Bowl,1,25.1,Pakistan,England,Abid Ali,Azhar Ali,SCJ Broad,0,0,,,,,,,,,
1198242,2020,2020-08-13,The Rose Bowl,1,25.2,Pakistan,England,Abid Ali,Azhar Ali,SCJ Broad,0,0,,,,,,,,,
1198242,2020,2020-08-13,The Rose Bowl,1,25.3,Pakistan,England,Abid Ali,Azhar Ali,SCJ Broad,4,0,,,,,,,,,
1198242,2020,2020-08-13,The Rose Bowl,1,25.4,Pakistan,England,Abid Ali,Azhar Ali,SCJ Broad,1,0,,,,,,,,,
1198242,2020,2020-08-13,The Rose Bowl,1,25.5,Pakistan,England,Azhar Ali,Abid Ali,SCJ Broad,0,0,,,,,,,,,
1198242,2020,2020-08-13,The Rose Bowl,1,25.6,Pakistan,England,Azhar Ali,Abid Ali,SCJ Broad,0,0,,,,,,,,,
1198242,2020,2020-08-13,The Rose Bowl,1,26.1,Pakistan,England,Abid Ali,Azhar Ali,JM Anderson,0,0,,,,,,,,,
1198242,2020,2020-08-13,The Rose Bowl,1,26.2,Pakistan,England,Abid Ali,Azhar Ali,JM Anderson,0,0,,,,,,,,,
1198242,2020,2020-08-13,The Rose Bowl,1,26.3,Pakistan,England,Abid Ali,Azhar Ali,JM Anderson,0,0,,,,,,,,,
1198242,2020,2020-08-13,The Rose Bowl,1,26.4,Pakistan,England,Abid Ali,Azhar Ali,JM Anderson,4,0,,,,,,,,,
1198242,2020,2020-08-13,The Rose Bowl,1,26.5,Pakistan,England,Abid Ali,Azhar Ali,JM Anderson,0,0,,,,,,,,,
1198242,2020,2020-08-13,The Rose Bowl,1,26.6,Pakistan,England,Abid Ali,Azhar Ali,JM Anderson,0,0,,,,,,,,,
1198242,2020,2020-08-13,The Rose Bowl,1,27.1,Pakistan,England,Azhar Ali,Abid Ali,SCJ Broad,0,0,,,,,,,,,
1198242,2020,2020-08-13,The Rose Bowl,1,27.2,Pakistan,England,Azhar Ali,Abid Ali,SCJ Broad,0,0,,,,,,,,,
1198242,2020,2020-08-13,The Rose Bowl,1,27.3,Pakistan,England,Azhar Ali,Abid Ali,SCJ Broad,0,0,,,,,,,,,
1198242,2020,2020-08-13,The Rose Bowl,1,27.4,Pakistan,England,Azhar Ali,Abid Ali,SCJ Broad,0,0,,,,,,,,,
1198242,2020,2020-08-13,The Rose Bowl,1,27.5,Pakistan,England,Azhar Ali,Abid Ali,SCJ Broad,0,0,,,,,,,,,
1198242,2020,2020-08-13,The Rose Bowl,1,27.6,Pakistan,England,Azhar Ali,Abid Ali,SCJ Broad,0,0,,,,,,,,,
1198242,2020,2020-08-13,The Rose Bowl,1,28.1,Pakistan,England,Abid Ali,Azhar Ali,JM Anderson,0,0,,,,,,,,,
1198242,2020,2020-08-13,The Rose Bowl,1,28.2,Pakistan,England,Abid Ali,Azhar Ali,JM Anderson,0,0,,,,,,,,,
1198242,2020,2020-08-13,The Rose Bowl,1,28.3,Pakistan,England,Abid Ali,Azhar Ali,JM Anderson,0,0,,,,,,,,,
1198242,2020,2020-08-13,The Rose Bowl,1,28.4,Pakistan,England,Abid Ali,Azhar Ali,JM Anderson,0,0,,,,,,,,,
1198242,2020,2020-08-13,The Rose Bowl,1,28.5,Pakistan,England,Abid Ali,Azhar Ali,JM Anderson,1,0,,,,,,,,,
1198242,2020,2020-08-13,The Rose Bowl,1,28.6,Pakistan,England,Azhar Ali,Abid Ali,JM Anderson,0,0,,,,,,,,,
1198242,2020,2020-08-13,The Rose Bowl,1,29.1,Pakistan,England,Abid Ali,Azhar Ali,SCJ Broad,0,0,,,,,,,,,
1198242,2020,2020-08-13,The Rose Bowl,1,29.2,Pakistan,England,Abid Ali,Azhar Ali,SCJ Broad,0,0,,,,,,,,,
1198242,2020,2020-08-13,The Rose Bowl,1,29.3,Pakistan,England,Abid Ali,Azhar Ali,SCJ Broad,4,0,,,,,,,,,
1198242,2020,2020-08-13,The Rose Bowl,1,29.4,Pakistan,England,Abid Ali,Azhar Ali,SCJ Broad,0,0,,,,,,,,,
1198242,2020,2020-08-13,The Rose Bowl,1,29.5,Pakistan,England,Abid Ali,Azhar Ali,SCJ Broad,2,0,,,,,,,,,
1198242,2020,2020-08-13,The Rose Bowl,1,29.6,Pakistan,England,Abid Ali,Azhar Ali,SCJ Broad,0,0,,,,,,,,,
1198242,2020,2020-08-13,The Rose Bowl,1,30.1,Pakistan,England,Azhar Ali,Abid Ali,JM Anderson,0,0,,,,,,,,,
1198242,2020,2020-08-13,The Rose Bowl,1,30.2,Pakistan,England,Azhar Ali,Abid Ali,JM Anderson,0,0,,,,,,,,,
1198242,2020,2020-08-13,The Rose Bowl,1,30.3,Pakistan,England,Azhar Ali,Abid Ali,JM Anderson,0,0,,,,,,,,,
1198242,2020,2020-08-13,The Rose Bowl,1,30.4,Pakistan,England,Azhar Ali,Abid Ali,JM Anderson,0,0,,,,,,,,,
1198242,2020,2020-08-13,The Rose Bowl,1,30.5,Pakistan,England,Azhar Ali,Abid Ali,JM Anderson,0,0,,,,,,caught,Azhar Ali,,
1198242,2020,2020-08-13,The Rose Bowl,1,30.6,Pakistan,England,Babar Azam,Abid Ali,JM Anderson,1,0,,,,,,,,,
1198242,2020,2020-08-13,The Rose Bowl,1,31.1,Pakistan,England,Babar Azam,Abid Ali,SCJ Broad,0,0,,,,,,,,,
1198242,2020,2020-08-13,The Rose Bowl,1,31.2,Pakistan,England,Babar Azam,Abid Ali,SCJ Broad,0,0,,,,,,,,,
1198242,2020,2020-08-13,The Rose Bowl,1,31.3,Pakistan,England,Babar Azam,Abid Ali,SCJ Broad,3,0,,,,,,,,,
1198242,2020,2020-08-13,The Rose Bowl,1,31.4,Pakistan,England,Abid Ali,Babar Azam,SCJ Broad,0,0,,,,,,,,,
1198242,2020,2020-08-13,The Rose Bowl,1,31.5,Pakistan,England,Abid Ali,Babar Azam,SCJ Broad,0,0,,,,,,,,,
1198242,2020,2020-08-13,The Rose Bowl,1,31.6,Pakistan,England,Abid Ali,Babar Azam,SCJ Broad,0,0,,,,,,,,,
1198242,2020,2020-08-13,The Rose Bowl,1,32.1,Pakistan,England,Babar Azam,Abid Ali,JM Anderson,0,0,,,,,,,,,
1198242,2020,2020-08-13,The Rose Bowl,1,32.2,Pakistan,England,Babar Azam,Abid Ali,JM Anderson,0,0,,,,,,,,,
1198242,2020,2020-08-13,The Rose Bowl,1,32.3,Pakistan,England,Babar Azam,Abid Ali,JM Anderson,0,0,,,,,,,,,
1198242,2020,2020-08-13,The Rose Bowl,1,32.4,Pakistan,England,Babar Azam,Abid Ali,JM Anderson,0,0,,,,,,,,,
1198242,2020,2020-08-13,The Rose Bowl,1,32.5,Pakistan,England,Babar Azam,Abid Ali,JM Anderson,0,0,,,,,,,,,
1198242,2020,2020-08-13,The Rose Bowl,1,32.6,Pakistan,England,Babar Azam,Abid Ali,JM Anderson,3,0,,,,,,,,,
1198242,2020,2020-08-13,The Rose Bowl,1,33.1,Pakistan,England,Babar Azam,Abid Ali,SM Curran,0,0,,,,,,,,,
1198242,2020,2020-08-13,The Rose Bowl,1,33.2,Pakistan,England,Babar Azam,Abid Ali,SM Curran,0,0,,,,,,,,,
1198242,2020,2020-08-13,The Rose Bowl,1,33.3,Pakistan,England,Babar Azam,Abid Ali,SM Curran,0,0,,,,,,,,,
1198242,2020,2020-08-13,The Rose Bowl,1,33.4,Pakistan,England,Babar Azam,Abid Ali,SM Curran,0,0,,,,,,,,,
1198242,2020,2020-08-13,The Rose Bowl,1,33.5,Pakistan,England,Babar Azam,Abid Ali,SM Curran,0,0,,,,,,,,,
1198242,2020,2020-08-13,The Rose Bowl,1,33.6,Pakistan,England,Babar Azam,Abid Ali,SM Curran,0,0,,,,,,,,,
1198242,2020,2020-08-13,The Rose Bowl,1,34.1,Pakistan,England,Abid Ali,Babar Azam,JM Anderson,2,0,,,,,,,,,
1198242,2020,2020-08-13,The Rose Bowl,1,34.2,Pakistan,England,Abid Ali,Babar Azam,JM Anderson,0,0,,,,,,,,,
1198242,2020,2020-08-13,The Rose Bowl,1,34.3,Pakistan,England,Abid Ali,Babar Azam,JM Anderson,0,0,,,,,,,,,
1198242,2020,2020-08-13,The Rose Bowl,1,34.4,Pakistan,England,Abid Ali,Babar Azam,JM Anderson,0,0,,,,,,,,,
1198242,2020,2020-08-13,The Rose Bowl,1,34.5,Pakistan,England,Abid Ali,Babar Azam,JM Anderson,0,0,,,,,,,,,
1198242,2020,2020-08-13,The Rose Bowl,1,34.6,Pakistan,England,Abid Ali,Babar Azam,JM Anderson,0,0,,,,,,,,,
1198242,2020,2020-08-13,The Rose Bowl,1,35.1,Pakistan,England,Babar Azam,Abid Ali,SM Curran,0,0,,,,,,,,,
1198242,2020,2020-08-13,The Rose Bowl,1,35.2,Pakistan,England,Babar Azam,Abid Ali,SM Curran,0,0,,,,,,,,,
1198242,2020,2020-08-13,The Rose Bowl,1,35.3,Pakistan,England,Babar Azam,Abid Ali,SM Curran,2,0,,,,,,,,,
1198242,2020,2020-08-13,The Rose Bowl,1,35.4,Pakistan,England,Babar Azam,Abid Ali,SM Curran,0,0,,,,,,,,,
1198242,2020,2020-08-13,The Rose Bowl,1,35.5,Pakistan,England,Babar Azam,Abid Ali,SM Curran,0,0,,,,,,,,,
1198242,2020,2020-08-13,The Rose Bowl,1,35.6,Pakistan,England,Babar Azam,Abid Ali,SM Curran,0,0,,,,,,,,,
1198242,2020,2020-08-13,The Rose Bowl,1,36.1,Pakistan,England,Abid Ali,Babar Azam,JM Anderson,2,0,,,,,,,,,
1198242,2020,2020-08-13,The Rose Bowl,1,36.2,Pakistan,England,Abid Ali,Babar Azam,JM Anderson,0,0,,,,,,,,,
1198242,2020,2020-08-13,The Rose Bowl,1,36.3,Pakistan,England,Abid Ali,Babar Azam,JM Anderson,1,0,,,,,,,,,
1198242,2020,2020-08-13,The Rose Bowl,1,36.4,Pakistan,England,Babar Azam,Abid Ali,JM Anderson,0,0,,,,,,,,,
1198242,2020,2020-08-13,The Rose Bowl,1,36.5,Pakistan,England,Babar Azam,Abid Ali,JM Anderson,0,0,,,,,,,,,
1198242,2020,2020-08-13,The Rose Bowl,1,36.6,Pakistan,England,Babar Azam,Abid Ali,JM Anderson,4,0,,,,,,,,,
1198242,2020,2020-08-13,The Rose Bowl,1,37.1,Pakistan,England,Abid Ali,Babar Azam,SM Curran,4,0,,,,,,,,,
1198242,2020,2020-08-13,The Rose Bowl,1,37.2,Pakistan,England,Abid Ali,Babar Azam,SM Curran,0,0,,,,,,,,,
1198242,2020,2020-08-13,The Rose Bowl,1,37.3,Pakistan,England,Abid Ali,Babar Azam,SM Curran,2,0,,,,,,,,,
1198242,2020,2020-08-13,The Rose Bowl,1,37.4,Pakistan,England,Abid Ali,Babar Azam,SM Curran,0,0,,,,,,caught,Abid Ali,,
1198242,2020,2020-08-13,The Rose Bowl,1,37.5,Pakistan,England,Asad Shafiq,Babar Azam,SM Curran,0,0,,,,,,,,,
1198242,2020,2020-08-13,The Rose Bowl,1,37.6,Pakistan,England,Asad Shafiq,Babar Azam,SM Curran,0,0,,,,,,,,,
1198242,2020,2020-08-13,The Rose Bowl,1,38.1,Pakistan,England,Babar Azam,Asad Shafiq,JM Anderson,0,0,,,,,,,,,
1198242,2020,2020-08-13,The Rose Bowl,1,38.2,Pakistan,England,Babar Azam,Asad Shafiq,JM Anderson,0,0,,,,,,,,,
1198242,2020,2020-08-13,The Rose Bowl,1,38.3,Pakistan,England,Babar Azam,Asad Shafiq,JM Anderson,0,0,,,,,,,,,
1198242,2020,2020-08-13,The Rose Bowl,1,38.4,Pakistan,England,Babar Azam,Asad Shafiq,JM Anderson,0,0,,,,,,,,,
1198242,2020,2020-08-13,The Rose Bowl,1,38.5,Pakistan,England,Babar Azam,Asad Shafiq,JM Anderson,2,0,,,,,,,,,
1198242,2020,2020-08-13,The Rose Bowl,1,38.6,Pakistan,England,Babar Azam,Asad Shafiq,JM Anderson,0,0,,,,,,,,,
1198242,2020,2020-08-13,The Rose Bowl,1,39.1,Pakistan,England,Asad Shafiq,Babar Azam,SM Curran,0,0,,,,,,,,,
1198242,2020,2020-08-13,The Rose Bowl,1,39.2,Pakistan,England,Asad Shafiq,Babar Azam,SM Curran,0,0,,,,,,,,,
1198242,2020,2020-08-13,The Rose Bowl,1,39.3,Pakistan,England,Asad Shafiq,Babar Azam,SM Curran,0,0,,,,,,,,,
1198242,2020,2020-08-13,The Rose Bowl,1,39.4,Pakistan,England,Asad Shafiq,Babar Azam,SM Curran,0,0,,,,,,,,,
1198242,2020,2020-08-13,The Rose Bowl,1,39.5,Pakistan,England,Asad Shafiq,Babar Azam,SM Curran,0,0,,,,,,,,,
1198242,2020,2020-08-13,The Rose Bowl,1,39.6,Pakistan,England,Asad Shafiq,Babar Azam,SM Curran,0,0,,,,,,,,,
1198242,2020,2020-08-13,The Rose Bowl,1,40.1,Pakistan,England,Babar Azam,Asad Shafiq,SCJ Broad,0,0,,,,,,,,,
1198242,2020,2020-08-13,The Rose Bowl,1,40.2,Pakistan,England,Babar Azam,Asad Shafiq,SCJ Broad,0,0,,,,,,,,,
1198242,2020,2020-08-13,The Rose Bowl,1,40.3,Pakistan,England,Babar Azam,Asad Shafiq,SCJ Broad,0,0,,,,,,,,,
1198242,2020,2020-08-13,The Rose Bowl,1,40.4,Pakistan,England,Babar Azam,Asad Shafiq,SCJ Broad,0,0,,,,,,,,,
1198242,2020,2020-08-13,The Rose Bowl,1,40.5,Pakistan,England,Babar Azam,Asad Shafiq,SCJ Broad,0,0,,,,,,,,,
1198242,2020,2020-08-13,The Rose Bowl,1,40.6,Pakistan,England,Babar Azam,Asad Shafiq,SCJ Broad,2,0,,,,,,,,,
1198242,2020,2020-08-13,The Rose Bowl,1,41.1,Pakistan,England,Asad Shafiq,Babar Azam,SM Curran,1,0,,,,,,,,,
1198242,2020,2020-08-13,The Rose Bowl,1,41.2,Pakistan,England,Babar Azam,Asad Shafiq,SM Curran,2,0,,,,,,,,,
1198242,2020,2020-08-13,The Rose Bowl,1,41.3,Pakistan,England,Babar Azam,Asad Shafiq,SM Curran,0,0,,,,,,,,,
1198242,2020,2020-08-13,The Rose Bowl,1,41.4,Pakistan,England,Babar Azam,Asad Shafiq,SM Curran,1,0,,,,,,,,,
1198242,2020,2020-08-13,The Rose Bowl,1,41.5,Pakistan,England,Asad Shafiq,Babar Azam,SM Curran,0,3,,,,3,,,,,
1198242,2020,2020-08-13,The Rose Bowl,1,41.6,Pakistan,England,Babar Azam,Asad Shafiq,SM Curran,0,0,,,,,,,,,
1198242,2020,2020-08-13,The Rose Bowl,1,42.1,Pakistan,England,Asad Shafiq,Babar Azam,SCJ Broad,4,0,,,,,,,,,
1198242,2020,2020-08-13,The Rose Bowl,1,42.2,Pakistan,England,Asad Shafiq,Babar Azam,SCJ Broad,0,0,,,,,,,,,
1198242,2020,2020-08-13,The Rose Bowl,1,42.3,Pakistan,England,Asad Shafiq,Babar Azam,SCJ Broad,0,0,,,,,,caught,Asad Shafiq,,
1198242,2020,2020-08-13,The Rose Bowl,1,42.4,Pakistan,England,Fawad Alam,Babar Azam,SCJ Broad,0,0,,,,,,,,,
1198242,2020,2020-08-13,The Rose Bowl,1,42.5,Pakistan,England,Fawad Alam,Babar Azam,SCJ Broad,0,0,,,,,,,,,
1198242,2020,2020-08-13,The Rose Bowl,1,42.6,Pakistan,England,Fawad Alam,Babar Azam,SCJ Broad,0,0,,,,,,,,,
1198242,2020,2020-08-13,The Rose Bowl,1,43.1,Pakistan,England,Babar Azam,Fawad Alam,CR Woakes,0,0,,,,,,,,,
1198242,2020,2020-08-13,The Rose Bowl,1,43.2,Pakistan,England,Babar Azam,Fawad Alam,CR Woakes,0,0,,,,,,,,,
1198242,2020,2020-08-13,The Rose Bowl,1,43.3,Pakistan,England,Babar Azam,Fawad Alam,CR Woakes,0,0,,,,,,,,,
1198242,2020,2020-08-13,The Rose Bowl,1,43.4,Pakistan,England,Babar Azam,Fawad Alam,CR Woakes,3,0,,,,,,,,,
1198242,2020,2020-08-13,The Rose Bowl,1,43.5,Pakistan,England,Fawad Alam,Babar Azam,CR Woakes,0,0,,,,,,lbw,Fawad Alam,,
1198242,2020,2020-08-13,The Rose Bowl,1,43.6,Pakistan,England,Mohammad Rizwan,Babar Azam,CR Woakes,0,0,,,,,,,,,
1198242,2020,2020-08-13,The Rose Bowl,1,44.1,Pakistan,England,Babar Azam,Mohammad Rizwan,SCJ Broad,1,0,,,,,,,,,
1198242,2020,2020-08-13,The Rose Bowl,1,44.2,Pakistan,England,Mohammad Rizwan,Babar Azam,SCJ Broad,0,0,,,,,,,,,
1198242,2020,2020-08-13,The Rose Bowl,1,44.3,Pakistan,England,Mohammad Rizwan,Babar Azam,SCJ Broad,3,0,,,,,,,,,
1198242,2020,2020-08-13,The Rose Bowl,1,44.4,Pakistan,England,Babar Azam,Mohammad Rizwan,SCJ Broad,0,0,,,,,,,,,
1198242,2020,2020-08-13,The Rose Bowl,1,44.5,Pakistan,England,Babar Azam,Mohammad Rizwan,SCJ Broad,0,0,,,,,,,,,
1198242,2020,2020-08-13,The Rose Bowl,1,44.6,Pakistan,England,Babar Azam,Mohammad Rizwan,SCJ Broad,0,0,,,,,,,,,
1198242,2020,2020-08-13,The Rose Bowl,1,45.1,Pakistan,England,Mohammad Rizwan,Babar Azam,CR Woakes,1,0,,,,,,,,,
1198242,2020,2020-08-13,The Rose Bowl,1,45.2,Pakistan,England,Babar Azam,Mohammad Rizwan,CR Woakes,0,0,,,,,,,,,
1198242,2020,2020-08-13,The Rose Bowl,1,45.3,Pakistan,England,Babar Azam,Mohammad Rizwan,CR Woakes,1,0,,,,,,,,,
1198242,2020,2020-08-13,The Rose Bowl,1,45.4,Pakistan,England,Mohammad Rizwan,Babar Azam,CR Woakes,0,0,,,,,,,,,
1198242,2020,2020-08-13,The Rose Bowl,1,45.5,Pakistan,England,Mohammad Rizwan,Babar Azam,CR Woakes,0,0,,,,,,,,,
1198242,2020,2020-08-13,The Rose Bowl,1,45.6,Pakistan,England,Mohammad Rizwan,Babar Azam,CR Woakes,0,0,,,,,,,,,
1198242,2020,2020-08-13,The Rose Bowl,1,46.1,Pakistan,England,Babar Azam,Mohammad Rizwan,JM Anderson,0,0,,,,,,,,,
1198242,2020,2020-08-13,The Rose Bowl,1,46.2,Pakistan,England,Babar Azam,Mohammad Rizwan,JM Anderson,0,0,,,,,,,,,
1198242,2020,2020-08-13,The Rose Bowl,1,46.3,Pakistan,England,Babar Azam,Mohammad Rizwan,JM Anderson,0,0,,,,,,,,,
1198242,2020,2020-08-13,The Rose Bowl,1,46.4,Pakistan,England,Babar Azam,Mohammad Rizwan,JM Anderson,1,0,,,,,,,,,
1198242,2020,2020-08-13,The Rose Bowl,1,46.5,Pakistan,England,Mohammad Rizwan,Babar Azam,JM Anderson,0,0,,,,,,,,,
1198242,2020,2020-08-13,The Rose Bowl,1,46.6,Pakistan,England,Mohammad Rizwan,Babar Azam,JM Anderson,0,0,,,,,,,,,
1198242,2020,2020-08-13,The Rose Bowl,1,47.1,Pakistan,England,Babar Azam,Mohammad Rizwan,CR Woakes,0,0,,,,,,,,,
1198242,2020,2020-08-13,The Rose Bowl,1,47.2,Pakistan,England,Babar Azam,Mohammad Rizwan,CR Woakes,4,0,,,,,,,,,
1198242,2020,2020-08-13,The Rose Bowl,1,47.3,Pakistan,England,Babar Azam,Mohammad Rizwan,CR Woakes,0,0,,,,,,,,,
1198242,2020,2020-08-13,The Rose Bowl,1,47.4,Pakistan,England,Babar Azam,Mohammad Rizwan,CR Woakes,0,0,,,,,,,,,
1198242,2020,2020-08-13,The Rose Bowl,1,47.5,Pakistan,England,Babar Azam,Mohammad Rizwan,CR Woakes,0,0,,,,,,,,,
1198242,2020,2020-08-13,The Rose Bowl,1,47.6,Pakistan,England,Babar Azam,Mohammad Rizwan,CR Woakes,3,0,,,,,,,,,
1198242,2020,2020-08-13,The Rose Bowl,1,48.1,Pakistan,England,Babar Azam,Mohammad Rizwan,JM Anderson,0,0,,,,,,,,,
1198242,2020,2020-08-13,The Rose Bowl,1,48.2,Pakistan,England,Babar Azam,Mohammad Rizwan,JM Anderson,0,0,,,,,,,,,
1198242,2020,2020-08-13,The Rose Bowl,1,48.3,Pakistan,England,Babar Azam,Mohammad Rizwan,JM Anderson,0,0,,,,,,,,,
1198242,2020,2020-08-13,The Rose Bowl,1,48.4,Pakistan,England,Babar Azam,Mohammad Rizwan,JM Anderson,0,0,,,,,,,,,
1198242,2020,2020-08-13,The Rose Bowl,1,48.5,Pakistan,England,Babar Azam,Mohammad Rizwan,JM Anderson,0,0,,,,,,,,,
1198242,2020,2020-08-13,The Rose Bowl,1,48.6,Pakistan,England,Babar Azam,Mohammad Rizwan,JM Anderson,0,0,,,,,,,,,
1198242,2020,2020-08-13,The Rose Bowl,1,49.1,Pakistan,England,Mohammad Rizwan,Babar Azam,CR Woakes,3,0,,,,,,,,,
1198242,2020,2020-08-13,The Rose Bowl,1,49.2,Pakistan,England,Babar Azam,Mohammad Rizwan,CR Woakes,0,0,,,,,,,,,
1198242,2020,2020-08-13,The Rose Bowl,1,49.3,Pakistan,England,Babar Azam,Mohammad Rizwan,CR Woakes,0,0,,,,,,,,,
1198242,2020,2020-08-13,The Rose Bowl,1,49.4,Pakistan,England,Babar Azam,Mohammad Rizwan,CR Woakes,1,0,,,,,,,,,
1198242,2020,2020-08-13,The Rose Bowl,1,49.5,Pakistan,England,Mohammad Rizwan,Babar Azam,CR Woakes,0,0,,,,,,,,,
1198242,2020,2020-08-13,The Rose Bowl,1,49.6,Pakistan,England,Mohammad Rizwan,Babar Azam,CR Woakes,0,0,,,,,,,,,
1198242,2020,2020-08-13,The Rose Bowl,1,50.1,Pakistan,England,Babar Azam,Mohammad Rizwan,JM Anderson,4,0,,,,,,,,,
1198242,2020,2020-08-13,The Rose Bowl,1,50.2,Pakistan,England,Babar Azam,Mohammad Rizwan,JM Anderson,0,0,,,,,,,,,
1198242,2020,2020-08-13,The Rose Bowl,1,50.3,Pakistan,England,Babar Azam,Mohammad Rizwan,JM Anderson,0,0,,,,,,,,,
1198242,2020,2020-08-13,The Rose Bowl,1,50.4,Pakistan,England,Babar Azam,Mohammad Rizwan,JM Anderson,0,0,,,,,,,,,
1198242,2020,2020-08-13,The Rose Bowl,1,50.5,Pakistan,England,Babar Azam,Mohammad Rizwan,JM Anderson,0,0,,,,,,,,,
1198242,2020,2020-08-13,The Rose Bowl,1,50.6,Pakistan,England,Babar Azam,Mohammad Rizwan,JM Anderson,0,0,,,,,,,,,
1198242,2020,2020-08-13,The Rose Bowl,1,51.1,Pakistan,England,Mohammad Rizwan,Babar Azam,CR Woakes,0,0,,,,,,,,,
1198242,2020,2020-08-13,The Rose Bowl,1,51.2,Pakistan,England,Mohammad Rizwan,Babar Azam,CR Woakes,0,0,,,,,,,,,
1198242,2020,2020-08-13,The Rose Bowl,1,51.3,Pakistan,England,Mohammad Rizwan,Babar Azam,CR Woakes,0,0,,,,,,,,,
1198242,2020,2020-08-13,The Rose Bowl,1,51.4,Pakistan,England,Mohammad Rizwan,Babar Azam,CR Woakes,0,0,,,,,,,,,
1198242,2020,2020-08-13,The Rose Bowl,1,51.5,Pakistan,England,Mohammad Rizwan,Babar Azam,CR Woakes,0,0,,,,,,,,,
1198242,2020,2020-08-13,The Rose Bowl,1,51.6,Pakistan,England,Mohammad Rizwan,Babar Azam,CR Woakes,0,0,,,,,,,,,
1198242,2020,2020-08-13,The Rose Bowl,1,52.1,Pakistan,England,Babar Azam,Mohammad Rizwan,JM Anderson,0,0,,,,,,,,,
1198242,2020,2020-08-13,The Rose Bowl,1,52.2,Pakistan,England,Babar Azam,Mohammad Rizwan,JM Anderson,0,0,,,,,,,,,
1198242,2020,2020-08-13,The Rose Bowl,1,52.3,Pakistan,England,Babar Azam,Mohammad Rizwan,JM Anderson,0,0,,,,,,,,,
1198242,2020,2020-08-13,The Rose Bowl,1,52.4,Pakistan,England,Babar Azam,Mohammad Rizwan,JM Anderson,0,0,,,,,,,,,
1198242,2020,2020-08-13,The Rose Bowl,1,52.5,Pakistan,England,Babar Azam,Mohammad Rizwan,JM Anderson,0,0,,,,,,,,,
1198242,2020,2020-08-13,The Rose Bowl,1,52.6,Pakistan,England,Babar Azam,Mohammad Rizwan,JM Anderson,0,0,,,,,,,,,
1198242,2020,2020-08-13,The Rose Bowl,1,53.1,Pakistan,England,Mohammad Rizwan,Babar Azam,CR Woakes,0,0,,,,,,,,,
1198242,2020,2020-08-13,The Rose Bowl,1,53.2,Pakistan,England,Mohammad Rizwan,Babar Azam,CR Woakes,0,1,,,,1,,,,,
1198242,2020,2020-08-13,The Rose Bowl,1,53.3,Pakistan,England,Babar Azam,Mohammad Rizwan,CR Woakes,0,0,,,,,,,,,
1198242,2020,2020-08-13,The Rose Bowl,1,53.4,Pakistan,England,Babar Azam,Mohammad Rizwan,CR Woakes,0,0,,,,,,,,,
1198242,2020,2020-08-13,The Rose Bowl,1,53.5,Pakistan,England,Babar Azam,Mohammad Rizwan,CR Woakes,0,0,,,,,,,,,
1198242,2020,2020-08-13,The Rose Bowl,1,53.6,Pakistan,England,Babar Azam,Mohammad Rizwan,CR Woakes,0,0,,,,,,,,,
1198242,2020,2020-08-13,The Rose Bowl,1,54.1,Pakistan,England,Mohammad Rizwan,Babar Azam,SM Curran,0,0,,,,,,,,,
1198242,2020,2020-08-13,The Rose Bowl,1,54.2,Pakistan,England,Mohammad Rizwan,Babar Azam,SM Curran,2,0,,,,,,,,,
1198242,2020,2020-08-13,The Rose Bowl,1,54.3,Pakistan,England,Mohammad Rizwan,Babar Azam,SM Curran,0,0,,,,,,,,,
1198242,2020,2020-08-13,The Rose Bowl,1,54.4,Pakistan,England,Mohammad Rizwan,Babar Azam,SM Curran,0,0,,,,,,,,,
1198242,2020,2020-08-13,The Rose Bowl,1,54.5,Pakistan,England,Mohammad Rizwan,Babar Azam,SM Curran,0,0,,,,,,,,,
1198242,2020,2020-08-13,The Rose Bowl,1,54.6,Pakistan,England,Mohammad Rizwan,Babar Azam,SM Curran,0,0,,,,,,,,,
1198242,2020,2020-08-13,The Rose Bowl,1,55.1,Pakistan,England,Babar Azam,Mohammad Rizwan,SCJ Broad,0,0,,,,,,,,,
1198242,2020,2020-08-13,The Rose Bowl,1,55.2,Pakistan,England,Babar Azam,Mohammad Rizwan,SCJ Broad,0,0,,,,,,,,,
1198242,2020,2020-08-13,The Rose Bowl,1,55.3,Pakistan,England,Babar Azam,Mohammad Rizwan,SCJ Broad,0,0,,,,,,,,,
1198242,2020,2020-08-13,The Rose Bowl,1,55.4,Pakistan,England,Babar Azam,Mohammad Rizwan,SCJ Broad,1,0,,,,,,,,,
1198242,2020,2020-08-13,The Rose Bowl,1,55.5,Pakistan,England,Mohammad Rizwan,Babar Azam,SCJ Broad,0,0,,,,,,,,,
1198242,2020,2020-08-13,The Rose Bowl,1,55.6,Pakistan,England,Mohammad Rizwan,Babar Azam,SCJ Broad,0,0,,,,,,,,,
1198242,2020,2020-08-13,The Rose Bowl,1,56.1,Pakistan,England,Babar Azam,Mohammad Rizwan,SM Curran,0,0,,,,,,,,,
1198242,2020,2020-08-13,The Rose Bowl,1,56.2,Pakistan,England,Babar Azam,Mohammad Rizwan,SM Curran,1,0,,,,,,,,,
1198242,2020,2020-08-13,The Rose Bowl,1,56.3,Pakistan,England,Mohammad Rizwan,Babar Azam,SM Curran,0,0,,,,,,,,,
1198242,2020,2020-08-13,The Rose Bowl,1,56.4,Pakistan,England,Mohammad Rizwan,Babar Azam,SM Curran,0,0,,,,,,,,,
1198242,2020,2020-08-13,The Rose Bowl,1,56.5,Pakistan,England,Mohammad Rizwan,Babar Azam,SM Curran,0,0,,,,,,,,,
1198242,2020,2020-08-13,The Rose Bowl,1,56.6,Pakistan,England,Mohammad Rizwan,Babar Azam,SM Curran,0,0,,,,,,,,,
1198242,2020,2020-08-13,The Rose Bowl,1,57.1,Pakistan,England,Babar Azam,Mohammad Rizwan,SCJ Broad,0,0,,,,,,,,,
1198242,2020,2020-08-13,The Rose Bowl,1,57.2,Pakistan,England,Babar Azam,Mohammad Rizwan,SCJ Broad,0,0,,,,,,,,,
1198242,2020,2020-08-13,The Rose Bowl,1,57.3,Pakistan,England,Babar Azam,Mohammad Rizwan,SCJ Broad,0,0,,,,,,,,,
1198242,2020,2020-08-13,The Rose Bowl,1,57.4,Pakistan,England,Babar Azam,Mohammad Rizwan,SCJ Broad,0,0,,,,,,,,,
1198242,2020,2020-08-13,The Rose Bowl,1,57.5,Pakistan,England,Babar Azam,Mohammad Rizwan,SCJ Broad,0,0,,,,,,,,,
1198242,2020,2020-08-13,The Rose Bowl,1,57.6,Pakistan,England,Babar Azam,Mohammad Rizwan,SCJ Broad,0,0,,,,,,,,,
1198242,2020,2020-08-13,The Rose Bowl,1,58.1,Pakistan,England,Mohammad Rizwan,Babar Azam,SM Curran,0,0,,,,,,,,,
1198242,2020,2020-08-13,The Rose Bowl,1,58.2,Pakistan,England,Mohammad Rizwan,Babar Azam,SM Curran,1,0,,,,,,,,,
1198242,2020,2020-08-13,The Rose Bowl,1,58.3,Pakistan,England,Babar Azam,Mohammad Rizwan,SM Curran,0,0,,,,,,,,,
1198242,2020,2020-08-13,The Rose Bowl,1,58.4,Pakistan,England,Babar Azam,Mohammad Rizwan,SM Curran,0,0,,,,,,,,,
1198242,2020,2020-08-13,The Rose Bowl,1,58.5,Pakistan,England,Babar Azam,Mohammad Rizwan,SM Curran,0,0,,,,,,,,,
1198242,2020,2020-08-13,The Rose Bowl,1,58.6,Pakistan,England,Babar Azam,Mohammad Rizwan,SM Curran,0,0,,,,,,,,,
1198242,2020,2020-08-13,The Rose Bowl,1,59.1,Pakistan,England,Mohammad Rizwan,Babar Azam,SCJ Broad,0,0,,,,,,,,,
1198242,2020,2020-08-13,The Rose Bowl,1,59.2,Pakistan,England,Mohammad Rizwan,Babar Azam,SCJ Broad,1,0,,,,,,,,,
1198242,2020,2020-08-13,The Rose Bowl,1,59.3,Pakistan,England,Babar Azam,Mohammad Rizwan,SCJ Broad,0,0,,,,,,,,,
1198242,2020,2020-08-13,The Rose Bowl,1,59.4,Pakistan,England,Babar Azam,Mohammad Rizwan,SCJ Broad,0,0,,,,,,,,,
1198242,2020,2020-08-13,The Rose Bowl,1,59.5,Pakistan,England,Babar Azam,Mohammad Rizwan,SCJ Broad,0,0,,,,,,,,,
1198242,2020,2020-08-13,The Rose Bowl,1,59.6,Pakistan,England,Babar Azam,Mohammad Rizwan,SCJ Broad,0,0,,,,,,,,,
1198242,2020,2020-08-13,The Rose Bowl,1,60.1,Pakistan,England,Mohammad Rizwan,Babar Azam,SM Curran,1,0,,,,,,,,,
1198242,2020,2020-08-13,The Rose Bowl,1,60.2,Pakistan,England,Babar Azam,Mohammad Rizwan,SM Curran,0,0,,,,,,,,,
1198242,2020,2020-08-13,The Rose Bowl,1,60.3,Pakistan,England,Babar Azam,Mohammad Rizwan,SM Curran,2,0,,,,,,,,,
1198242,2020,2020-08-13,The Rose Bowl,1,60.4,Pakistan,England,Babar Azam,Mohammad Rizwan,SM Curran,0,0,,,,,,,,,
1198242,2020,2020-08-13,The Rose Bowl,1,60.5,Pakistan,England,Babar Azam,Mohammad Rizwan,SM Curran,2,0,,,,,,,,,
1198242,2020,2020-08-13,The Rose Bowl,1,60.6,Pakistan,England,Babar Azam,Mohammad Rizwan,SM Curran,1,0,,,,,,,,,
1198242,2020,2020-08-13,The Rose Bowl,1,61.1,Pakistan,England,Babar Azam,Mohammad Rizwan,SCJ Broad,0,0,,,,,,,,,
1198242,2020,2020-08-13,The Rose Bowl,1,61.2,Pakistan,England,Babar Azam,Mohammad Rizwan,SCJ Broad,0,0,,,,,,,,,
1198242,2020,2020-08-13,The Rose Bowl,1,61.3,Pakistan,England,Babar Azam,Mohammad Rizwan,SCJ Broad,0,0,,,,,,,,,
1198242,2020,2020-08-13,The Rose Bowl,1,61.4,Pakistan,England,Babar Azam,Mohammad Rizwan,SCJ Broad,0,0,,,,,,,,,
1198242,2020,2020-08-13,The Rose Bowl,1,61.5,Pakistan,England,Babar Azam,Mohammad Rizwan,SCJ Broad,0,0,,,,,,,,,
1198242,2020,2020-08-13,The Rose Bowl,1,61.6,Pakistan,England,Babar Azam,Mohammad Rizwan,SCJ Broad,1,0,,,,,,,,,
1198242,2020,2020-08-13,The Rose Bowl,1,62.1,Pakistan,England,Babar Azam,Mohammad Rizwan,JM Anderson,0,1,,1,,,,,,,
1198242,2020,2020-08-13,The Rose Bowl,1,62.2,Pakistan,England,Babar Azam,Mohammad Rizwan,JM Anderson,0,0,,,,,,,,,
1198242,2020,2020-08-13,The Rose Bowl,1,62.3,Pakistan,England,Babar Azam,Mohammad Rizwan,JM Anderson,0,0,,,,,,,,,
1198242,2020,2020-08-13,The Rose Bowl,1,62.4,Pakistan,England,Babar Azam,Mohammad Rizwan,JM Anderson,0,0,,,,,,,,,
1198242,2020,2020-08-13,The Rose Bowl,1,62.5,Pakistan,England,Babar Azam,Mohammad Rizwan,JM Anderson,0,0,,,,,,,,,
1198242,2020,2020-08-13,The Rose Bowl,1,62.6,Pakistan,England,Babar Azam,Mohammad Rizwan,JM Anderson,1,0,,,,,,,,,
1198242,2020,2020-08-13,The Rose Bowl,1,62.7,Pakistan,England,Mohammad Rizwan,Babar Azam,JM Anderson,0,0,,,,,,,,,
1198242,2020,2020-08-13,The Rose Bowl,1,63.1,Pakistan,England,Babar Azam,Mohammad Rizwan,SCJ Broad,0,0,,,,,,,,,
1198242,2020,2020-08-13,The Rose Bowl,1,63.2,Pakistan,England,Babar Azam,Mohammad Rizwan,SCJ Broad,0,0,,,,,,,,,
1198242,2020,2020-08-13,The Rose Bowl,1,63.3,Pakistan,England,Babar Azam,Mohammad Rizwan,SCJ Broad,0,0,,,,,,,,,
1198242,2020,2020-08-13,The Rose Bowl,1,63.4,Pakistan,England,Babar Azam,Mohammad Rizwan,SCJ Broad,0,0,,,,,,caught,Babar Azam,,
1198242,2020,2020-08-13,The Rose Bowl,1,63.5,Pakistan,England,Yasir Shah,Mohammad Rizwan,SCJ Broad,0,0,,,,,,,,,
1198242,2020,2020-08-13,The Rose Bowl,1,63.6,Pakistan,England,Yasir Shah,Mohammad Rizwan,SCJ Broad,0,0,,,,,,,,,
1198242,2020,2020-08-13,The Rose Bowl,1,64.1,Pakistan,England,Mohammad Rizwan,Yasir Shah,JM Anderson,0,0,,,,,,,,,
1198242,2020,2020-08-13,The Rose Bowl,1,64.2,Pakistan,England,Mohammad Rizwan,Yasir Shah,JM Anderson,0,0,,,,,,,,,
1198242,2020,2020-08-13,The Rose Bowl,1,64.3,Pakistan,England,Mohammad Rizwan,Yasir Shah,JM Anderson,0,0,,,,,,,,,
1198242,2020,2020-08-13,The Rose Bowl,1,64.4,Pakistan,England,Mohammad Rizwan,Yasir Shah,JM Anderson,2,0,,,,,,,,,
1198242,2020,2020-08-13,The Rose Bowl,1,64.5,Pakistan,England,Mohammad Rizwan,Yasir Shah,JM Anderson,0,0,,,,,,,,,
1198242,2020,2020-08-13,The Rose Bowl,1,64.6,Pakistan,England,Mohammad Rizwan,Yasir Shah,JM Anderson,0,0,,,,,,,,,
1198242,2020,2020-08-13,The Rose Bowl,1,65.1,Pakistan,England,Yasir Shah,Mohammad Rizwan,SCJ Broad,0,0,,,,,,,,,
1198242,2020,2020-08-13,The Rose Bowl,1,65.2,Pakistan,England,Yasir Shah,Mohammad Rizwan,SCJ Broad,0,1,,,,1,,,,,
1198242,2020,2020-08-13,The Rose Bowl,1,65.3,Pakistan,England,Mohammad Rizwan,Yasir Shah,SCJ Broad,2,0,,,,,,,,,
1198242,2020,2020-08-13,The Rose Bowl,1,65.4,Pakistan,England,Mohammad Rizwan,Yasir Shah,SCJ Broad,0,0,,,,,,,,,
1198242,2020,2020-08-13,The Rose Bowl,1,65.5,Pakistan,England,Mohammad Rizwan,Yasir Shah,SCJ Broad,1,0,,,,,,,,,
1198242,2020,2020-08-13,The Rose Bowl,1,65.6,Pakistan,England,Yasir Shah,Mohammad Rizwan,SCJ Broad,0,0,,,,,,,,,
1198242,2020,2020-08-13,The Rose Bowl,1,66.1,Pakistan,England,Mohammad Rizwan,Yasir Shah,JM Anderson,0,0,,,,,,,,,
1198242,2020,2020-08-13,The Rose Bowl,1,66.2,Pakistan,England,Mohammad Rizwan,Yasir Shah,JM Anderson,1,0,,,,,,,,,
1198242,2020,2020-08-13,The Rose Bowl,1,66.3,Pakistan,England,Yasir Shah,Mohammad Rizwan,JM Anderson,0,0,,,,,,,,,
1198242,2020,2020-08-13,The Rose Bowl,1,66.4,Pakistan,England,Yasir Shah,Mohammad Rizwan,JM Anderson,0,0,,,,,,,,,
1198242,2020,2020-08-13,The Rose Bowl,1,66.5,Pakistan,England,Yasir Shah,Mohammad Rizwan,JM Anderson,1,0,,,,,,,,,
1198242,2020,2020-08-13,The Rose Bowl,1,66.6,Pakistan,England,Mohammad Rizwan,Yasir Shah,JM Anderson,0,0,,,,,,,,,
1198242,2020,2020-08-13,The Rose Bowl,1,67.1,Pakistan,England,Yasir Shah,Mohammad Rizwan,SCJ Broad,0,0,,,,,,,,,
1198242,2020,2020-08-13,The Rose Bowl,1,67.2,Pakistan,England,Yasir Shah,Mohammad Rizwan,SCJ Broad,0,0,,,,,,,,,
1198242,2020,2020-08-13,The Rose Bowl,1,67.3,Pakistan,England,Yasir Shah,Mohammad Rizwan,SCJ Broad,4,0,,,,,,,,,
1198242,2020,2020-08-13,The Rose Bowl,1,67.4,Pakistan,England,Yasir Shah,Mohammad Rizwan,SCJ Broad,0,0,,,,,,,,,
1198242,2020,2020-08-13,The Rose Bowl,1,67.5,Pakistan,England,Yasir Shah,Mohammad Rizwan,SCJ Broad,0,0,,,,,,,,,
1198242,2020,2020-08-13,The Rose Bowl,1,67.6,Pakistan,England,Yasir Shah,Mohammad Rizwan,SCJ Broad,0,0,,,,,,,,,
1198242,2020,2020-08-13,The Rose Bowl,1,68.1,Pakistan,England,Mohammad Rizwan,Yasir Shah,JM Anderson,1,0,,,,,,,,,
1198242,2020,2020-08-13,The Rose Bowl,1,68.2,Pakistan,England,Yasir Shah,Mohammad Rizwan,JM Anderson,0,0,,,,,,,,,
1198242,2020,2020-08-13,The Rose Bowl,1,68.3,Pakistan,England,Yasir Shah,Mohammad Rizwan,JM Anderson,0,0,,,,,,caught,Yasir Shah,,
1198242,2020,2020-08-13,The Rose Bowl,1,68.4,Pakistan,England,Shaheen Shah Afridi,Mohammad Rizwan,JM Anderson,0,0,,,,,,,,,
1198242,2020,2020-08-13,The Rose Bowl,1,68.5,Pakistan,England,Shaheen Shah Afridi,Mohammad Rizwan,JM Anderson,0,0,,,,,,,,,
1198242,2020,2020-08-13,The Rose Bowl,1,68.6,Pakistan,England,Shaheen Shah Afridi,Mohammad Rizwan,JM Anderson,0,0,,,,,,,,,
1198242,2020,2020-08-13,The Rose Bowl,1,69.1,Pakistan,England,Mohammad Rizwan,Shaheen Shah Afridi,SCJ Broad,0,0,,,,,,,,,
1198242,2020,2020-08-13,The Rose Bowl,1,69.2,Pakistan,England,Mohammad Rizwan,Shaheen Shah Afridi,SCJ Broad,0,0,,,,,,,,,
1198242,2020,2020-08-13,The Rose Bowl,1,69.3,Pakistan,England,Mohammad Rizwan,Shaheen Shah Afridi,SCJ Broad,1,0,,,,,,,,,
1198242,2020,2020-08-13,The Rose Bowl,1,69.4,Pakistan,England,Shaheen Shah Afridi,Mohammad Rizwan,SCJ Broad,0,0,,,,,,,,,
1198242,2020,2020-08-13,The Rose Bowl,1,69.5,Pakistan,England,Shaheen Shah Afridi,Mohammad Rizwan,SCJ Broad,0,0,,,,,,,,,
1198242,2020,2020-08-13,The Rose Bowl,1,69.6,Pakistan,England,Shaheen Shah Afridi,Mohammad Rizwan,SCJ Broad,0,0,,,,,,,,,
1198242,2020,2020-08-13,The Rose Bowl,1,70.1,Pakistan,England,Mohammad Rizwan,Shaheen Shah Afridi,JM Anderson,1,0,,,,,,,,,
1198242,2020,2020-08-13,The Rose Bowl,1,70.2,Pakistan,England,Shaheen Shah Afridi,Mohammad Rizwan,JM Anderson,0,0,,,,,,,,,
1198242,2020,2020-08-13,The Rose Bowl,1,70.3,Pakistan,England,Shaheen Shah Afridi,Mohammad Rizwan,JM Anderson,0,0,,,,,,,,,
1198242,2020,2020-08-13,The Rose Bowl,1,70.4,Pakistan,England,Shaheen Shah Afridi,Mohammad Rizwan,JM Anderson,0,0,,,,,,,,,
1198242,2020,2020-08-13,The Rose Bowl,1,70.5,Pakistan,England,Shaheen Shah Afridi,Mohammad Rizwan,JM Anderson,0,0,,,,,,,,,
1198242,2020,2020-08-13,The Rose Bowl,1,70.6,Pakistan,England,Shaheen Shah Afridi,Mohammad Rizwan,JM Anderson,0,0,,,,,,,,,
1198242,2020,2020-08-13,The Rose Bowl,1,71.1,Pakistan,England,Mohammad Rizwan,Shaheen Shah Afridi,SM Curran,0,0,,,,,,,,,
1198242,2020,2020-08-13,The Rose Bowl,1,71.2,Pakistan,England,Mohammad Rizwan,Shaheen Shah Afridi,SM Curran,1,0,,,,,,,,,
1198242,2020,2020-08-13,The Rose Bowl,1,71.3,Pakistan,England,Shaheen Shah Afridi,Mohammad Rizwan,SM Curran,0,0,,,,,,,,,
1198242,2020,2020-08-13,The Rose Bowl,1,71.4,Pakistan,England,Shaheen Shah Afridi,Mohammad Rizwan,SM Curran,0,0,,,,,,,,,
1198242,2020,2020-08-13,The Rose Bowl,1,71.5,Pakistan,England,Shaheen Shah Afridi,Mohammad Rizwan,SM Curran,0,0,,,,,,,,,
1198242,2020,2020-08-13,The Rose Bowl,1,71.6,Pakistan,England,Shaheen Shah Afridi,Mohammad Rizwan,SM Curran,0,0,,,,,,,,,
1198242,2020,2020-08-13,The Rose Bowl,1,72.1,Pakistan,England,Mohammad Rizwan,Shaheen Shah Afridi,CR Woakes,0,0,,,,,,,,,
1198242,2020,2020-08-13,The Rose Bowl,1,72.2,Pakistan,England,Mohammad Rizwan,Shaheen Shah Afridi,CR Woakes,0,0,,,,,,,,,
1198242,2020,2020-08-13,The Rose Bowl,1,72.3,Pakistan,England,Mohammad Rizwan,Shaheen Shah Afridi,CR Woakes,1,0,,,,,,,,,
1198242,2020,2020-08-13,The Rose Bowl,1,72.4,Pakistan,England,Shaheen Shah Afridi,Mohammad Rizwan,CR Woakes,0,0,,,,,,,,,
1198242,2020,2020-08-13,The Rose Bowl,1,72.5,Pakistan,England,Shaheen Shah Afridi,Mohammad Rizwan,CR Woakes,0,0,,,,,,,,,
1198242,2020,2020-08-13,The Rose Bowl,1,72.6,Pakistan,England,Shaheen Shah Afridi,Mohammad Rizwan,CR Woakes,0,0,,,,,,,,,
1198242,2020,2020-08-13,The Rose Bowl,1,73.1,Pakistan,England,Mohammad Rizwan,Shaheen Shah Afridi,SM Curran,0,0,,,,,,,,,
1198242,2020,2020-08-13,The Rose Bowl,1,73.2,Pakistan,England,Mohammad Rizwan,Shaheen Shah Afridi,SM Curran,0,0,,,,,,,,,
1198242,2020,2020-08-13,The Rose Bowl,1,73.3,Pakistan,England,Mohammad Rizwan,Shaheen Shah Afridi,SM Curran,0,0,,,,,,,,,
1198242,2020,2020-08-13,The Rose Bowl,1,73.4,Pakistan,England,Mohammad Rizwan,Shaheen Shah Afridi,SM Curran,0,0,,,,,,,,,
1198242,2020,2020-08-13,The Rose Bowl,1,73.5,Pakistan,England,Mohammad Rizwan,Shaheen Shah Afridi,SM Curran,1,0,,,,,,,,,
1198242,2020,2020-08-13,The Rose Bowl,1,73.6,Pakistan,England,Shaheen Shah Afridi,Mohammad Rizwan,SM Curran,0,0,,,,,,,,,
1198242,2020,2020-08-13,The Rose Bowl,1,74.1,Pakistan,England,Mohammad Rizwan,Shaheen Shah Afridi,CR Woakes,0,0,,,,,,,,,
1198242,2020,2020-08-13,The Rose Bowl,1,74.2,Pakistan,England,Mohammad Rizwan,Shaheen Shah Afridi,CR Woakes,0,0,,,,,,,,,
1198242,2020,2020-08-13,The Rose Bowl,1,74.3,Pakistan,England,Mohammad Rizwan,Shaheen Shah Afridi,CR Woakes,0,0,,,,,,,,,
1198242,2020,2020-08-13,The Rose Bowl,1,74.4,Pakistan,England,Mohammad Rizwan,Shaheen Shah Afridi,CR Woakes,0,0,,,,,,,,,
1198242,2020,2020-08-13,The Rose Bowl,1,74.5,Pakistan,England,Mohammad Rizwan,Shaheen Shah Afridi,CR Woakes,0,0,,,,,,run out,Shaheen Shah Afridi,,
1198242,2020,2020-08-13,The Rose Bowl,1,74.6,Pakistan,England,Mohammad Rizwan,Mohammad Abbas,CR Woakes,4,0,,,,,,,,,
1198242,2020,2020-08-13,The Rose Bowl,1,75.1,Pakistan,England,Mohammad Abbas,Mohammad Rizwan,SM Curran,0,0,,,,,,,,,
1198242,2020,2020-08-13,The Rose Bowl,1,75.2,Pakistan,England,Mohammad Abbas,Mohammad Rizwan,SM Curran,0,0,,,,,,,,,
1198242,2020,2020-08-13,The Rose Bowl,1,75.3,Pakistan,England,Mohammad Abbas,Mohammad Rizwan,SM Curran,0,0,,,,,,,,,
1198242,2020,2020-08-13,The Rose Bowl,1,75.4,Pakistan,England,Mohammad Abbas,Mohammad Rizwan,SM Curran,0,0,,,,,,,,,
1198242,2020,2020-08-13,The Rose Bowl,1,75.5,Pakistan,England,Mohammad Abbas,Mohammad Rizwan,SM Curran,0,0,,,,,,,,,
1198242,2020,2020-08-13,The Rose Bowl,1,75.6,Pakistan,England,Mohammad Abbas,Mohammad Rizwan,SM Curran,0,0,,,,,,,,,
1198242,2020,2020-08-13,The Rose Bowl,1,76.1,Pakistan,England,Mohammad Rizwan,Mohammad Abbas,CR Woakes,0,0,,,,,,,,,
1198242,2020,2020-08-13,The Rose Bowl,1,76.2,Pakistan,England,Mohammad Rizwan,Mohammad Abbas,CR Woakes,0,0,,,,,,,,,
1198242,2020,2020-08-13,The Rose Bowl,1,76.3,Pakistan,England,Mohammad Rizwan,Mohammad Abbas,CR Woakes,0,0,,,,,,,,,
1198242,2020,2020-08-13,The Rose Bowl,1,76.4,Pakistan,England,Mohammad Rizwan,Mohammad Abbas,CR Woakes,2,0,,,,,,,,,
1198242,2020,2020-08-13,The Rose Bowl,1,76.5,Pakistan,England,Mohammad Rizwan,Mohammad Abbas,CR Woakes,1,0,,,,,,,,,
1198242,2020,2020-08-13,The Rose Bowl,1,76.6,Pakistan,England,Mohammad Abbas,Mohammad Rizwan,CR Woakes,0,0,,,,,,,,,
1198242,2020,2020-08-13,The Rose Bowl,1,77.1,Pakistan,England,Mohammad Rizwan,Mohammad Abbas,SM Curran,0,0,,,,,,,,,
1198242,2020,2020-08-13,The Rose Bowl,1,77.2,Pakistan,England,Mohammad Rizwan,Mohammad Abbas,SM Curran,4,0,,,,,,,,,
1198242,2020,2020-08-13,The Rose Bowl,1,77.3,Pakistan,England,Mohammad Rizwan,Mohammad Abbas,SM Curran,0,0,,,,,,,,,
1198242,2020,2020-08-13,The Rose Bowl,1,77.4,Pakistan,England,Mohammad Rizwan,Mohammad Abbas,SM Curran,4,0,,,,,,,,,
1198242,2020,2020-08-13,The Rose Bowl,1,77.5,Pakistan,England,Mohammad Rizwan,Mohammad Abbas,SM Curran,1,0,,,,,,,,,
1198242,2020,2020-08-13,The Rose Bowl,1,77.6,Pakistan,England,Mohammad Abbas,Mohammad Rizwan,SM Curran,0,0,,,,,,,,,
1198242,2020,2020-08-13,The Rose Bowl,1,78.1,Pakistan,England,Mohammad Rizwan,Mohammad Abbas,CR Woakes,0,0,,,,,,,,,
1198242,2020,2020-08-13,The Rose Bowl,1,78.2,Pakistan,England,Mohammad Rizwan,Mohammad Abbas,CR Woakes,4,0,,,,,,,,,
1198242,2020,2020-08-13,The Rose Bowl,1,78.3,Pakistan,England,Mohammad Rizwan,Mohammad Abbas,CR Woakes,0,0,,,,,,,,,
1198242,2020,2020-08-13,The Rose Bowl,1,78.4,Pakistan,England,Mohammad Rizwan,Mohammad Abbas,CR Woakes,1,0,,,,,,,,,
1198242,2020,2020-08-13,The Rose Bowl,1,78.5,Pakistan,England,Mohammad Abbas,Mohammad Rizwan,CR Woakes,0,0,,,,,,,,,
1198242,2020,2020-08-13,The Rose Bowl,1,78.6,Pakistan,England,Mohammad Abbas,Mohammad Rizwan,CR Woakes,0,0,,,,,,,,,
1198242,2020,2020-08-13,The Rose Bowl,1,79.1,Pakistan,England,Mohammad Rizwan,Mohammad Abbas,SCJ Broad,0,0,,,,,,,,,
1198242,2020,2020-08-13,The Rose Bowl,1,79.2,Pakistan,England,Mohammad Rizwan,Mohammad Abbas,SCJ Broad,0,0,,,,,,,,,
1198242,2020,2020-08-13,The Rose Bowl,1,79.3,Pakistan,England,Mohammad Rizwan,Mohammad Abbas,SCJ Broad,0,0,,,,,,,,,
1198242,2020,2020-08-13,The Rose Bowl,1,79.4,Pakistan,England,Mohammad Rizwan,Mohammad Abbas,SCJ Broad,0,1,,,1,,,,,,
1198242,2020,2020-08-13,The Rose Bowl,1,79.5,Pakistan,England,Mohammad Abbas,Mohammad Rizwan,SCJ Broad,0,0,,,,,,,,,
1198242,2020,2020-08-13,The Rose Bowl,1,79.6,Pakistan,England,Mohammad Abbas,Mohammad Rizwan,SCJ Broad,0,0,,,,,,,,,
1198242,2020,2020-08-13,The Rose Bowl,1,80.1,Pakistan,England,Mohammad Rizwan,Mohammad Abbas,CR Woakes,0,0,,,,,,,,,
1198242,2020,2020-08-13,The Rose Bowl,1,80.2,Pakistan,England,Mohammad Rizwan,Mohammad Abbas,CR Woakes,0,4,,,4,,,,,,
1198242,2020,2020-08-13,The Rose Bowl,1,80.3,Pakistan,England,Mohammad Rizwan,Mohammad Abbas,CR Woakes,0,0,,,,,,,,,
1198242,2020,2020-08-13,The Rose Bowl,1,80.4,Pakistan,England,Mohammad Rizwan,Mohammad Abbas,CR Woakes,0,0,,,,,,,,,
1198242,2020,2020-08-13,The Rose Bowl,1,80.5,Pakistan,England,Mohammad Rizwan,Mohammad Abbas,CR Woakes,0,0,,,,,,,,,
1198242,2020,2020-08-13,The Rose Bowl,1,80.6,Pakistan,England,Mohammad Rizwan,Mohammad Abbas,CR Woakes,0,1,1,,,,,,,,
1198242,2020,2020-08-13,The Rose Bowl,1,80.7,Pakistan,England,Mohammad Rizwan,Mohammad Abbas,CR Woakes,1,0,,,,,,,,,
1198242,2020,2020-08-13,The Rose Bowl,1,81.1,Pakistan,England,Mohammad Rizwan,Mohammad Abbas,SCJ Broad,1,0,,,,,,,,,
1198242,2020,2020-08-13,The Rose Bowl,1,81.2,Pakistan,England,Mohammad Abbas,Mohammad Rizwan,SCJ Broad,0,0,,,,,,,,,
1198242,2020,2020-08-13,The Rose Bowl,1,81.3,Pakistan,England,Mohammad Abbas,Mohammad Rizwan,SCJ Broad,0,0,,,,,,,,,
1198242,2020,2020-08-13,The Rose Bowl,1,81.4,Pakistan,England,Mohammad Abbas,Mohammad Rizwan,SCJ Broad,0,0,,,,,,,,,
1198242,2020,2020-08-13,The Rose Bowl,1,81.5,Pakistan,England,Mohammad Abbas,Mohammad Rizwan,SCJ Broad,0,0,,,,,,,,,
1198242,2020,2020-08-13,The Rose Bowl,1,81.6,Pakistan,England,Mohammad Abbas,Mohammad Rizwan,SCJ Broad,0,0,,,,,,,,,
1198242,2020,2020-08-13,The Rose Bowl,1,82.1,Pakistan,England,Mohammad Rizwan,Mohammad Abbas,CR Woakes,0,0,,,,,,,,,
1198242,2020,2020-08-13,The Rose Bowl,1,82.2,Pakistan,England,Mohammad Rizwan,Mohammad Abbas,CR Woakes,0,0,,,,,,,,,
1198242,2020,2020-08-13,The Rose Bowl,1,82.3,Pakistan,England,Mohammad Rizwan,Mohammad Abbas,CR Woakes,0,0,,,,,,,,,
1198242,2020,2020-08-13,The Rose Bowl,1,82.4,Pakistan,England,Mohammad Rizwan,Mohammad Abbas,CR Woakes,0,0,,,,,,,,,
1198242,2020,2020-08-13,The Rose Bowl,1,82.5,Pakistan,England,Mohammad Rizwan,Mohammad Abbas,CR Woakes,0,2,,,,2,,,,,
1198242,2020,2020-08-13,The Rose Bowl,1,82.6,Pakistan,England,Mohammad Rizwan,Mohammad Abbas,CR Woakes,1,0,,,,,,,,,
1198242,2020,2020-08-13,The Rose Bowl,1,83.1,Pakistan,England,Mohammad Rizwan,Mohammad Abbas,SCJ Broad,0,0,,,,,,,,,
1198242,2020,2020-08-13,The Rose Bowl,1,83.2,Pakistan,England,Mohammad Rizwan,Mohammad Abbas,SCJ Broad,2,0,,,,,,,,,
1198242,2020,2020-08-13,The Rose Bowl,1,83.3,Pakistan,England,Mohammad Rizwan,Mohammad Abbas,SCJ Broad,0,0,,,,,,,,,
1198242,2020,2020-08-13,The Rose Bowl,1,83.4,Pakistan,England,Mohammad Rizwan,Mohammad Abbas,SCJ Broad,1,0,,,,,,,,,
1198242,2020,2020-08-13,The Rose Bowl,1,83.5,Pakistan,England,Mohammad Abbas,Mohammad Rizwan,SCJ Broad,0,0,,,,,,,,,
1198242,2020,2020-08-13,The Rose Bowl,1,83.6,Pakistan,England,Mohammad Abbas,Mohammad Rizwan,SCJ Broad,2,0,,,,,,,,,
1198242,2020,2020-08-13,The Rose Bowl,1,84.1,Pakistan,England,Mohammad Rizwan,Mohammad Abbas,CR Woakes,2,0,,,,,,,,,
1198242,2020,2020-08-13,The Rose Bowl,1,84.2,Pakistan,England,Mohammad Rizwan,Mohammad Abbas,CR Woakes,0,0,,,,,,,,,
1198242,2020,2020-08-13,The Rose Bowl,1,84.3,Pakistan,England,Mohammad Rizwan,Mohammad Abbas,CR Woakes,0,0,,,,,,,,,
1198242,2020,2020-08-13,The Rose Bowl,1,84.4,Pakistan,England,Mohammad Rizwan,Mohammad Abbas,CR Woakes,0,0,,,,,,,,,
1198242,2020,2020-08-13,The Rose Bowl,1,84.5,Pakistan,England,Mohammad Rizwan,Mohammad Abbas,CR Woakes,0,0,,,,,,,,,
1198242,2020,2020-08-13,The Rose Bowl,1,84.6,Pakistan,England,Mohammad Rizwan,Mohammad Abbas,CR Woakes,0,0,,,,,,,,,
1198242,2020,2020-08-13,The Rose Bowl,1,85.1,Pakistan,England,Mohammad Abbas,Mohammad Rizwan,SCJ Broad,0,0,,,,,,lbw,Mohammad Abbas,,
1198242,2020,2020-08-13,The Rose Bowl,1,85.2,Pakistan,England,Naseem Shah,Mohammad Rizwan,SCJ Broad,1,0,,,,,,,,,
1198242,2020,2020-08-13,The Rose Bowl,1,85.3,Pakistan,England,Mohammad Rizwan,Naseem Shah,SCJ Broad,2,0,,,,,,,,,
1198242,2020,2020-08-13,The Rose Bowl,1,85.4,Pakistan,England,Mohammad Rizwan,Naseem Shah,SCJ Broad,0,0,,,,,,,,,
1198242,2020,2020-08-13,The Rose Bowl,1,85.5,Pakistan,England,Mohammad Rizwan,Naseem Shah,SCJ Broad,4,0,,,,,,,,,
1198242,2020,2020-08-13,The Rose Bowl,1,85.6,Pakistan,England,Mohammad Rizwan,Naseem Shah,SCJ Broad,1,0,,,,,,,,,
1198242,2020,2020-08-13,The Rose Bowl,1,86.1,Pakistan,England,Mohammad Rizwan,Naseem Shah,JM Anderson,0,0,,,,,,,,,
1198242,2020,2020-08-13,The Rose Bowl,1,86.2,Pakistan,England,Mohammad Rizwan,Naseem Shah,JM Anderson,0,0,,,,,,,,,
1198242,2020,2020-08-13,The Rose Bowl,1,86.3,Pakistan,England,Mohammad Rizwan,Naseem Shah,JM Anderson,0,0,,,,,,,,,
1198242,2020,2020-08-13,The Rose Bowl,1,86.4,Pakistan,England,Mohammad Rizwan,Naseem Shah,JM Anderson,0,0,,,,,,,,,
1198242,2020,2020-08-13,The Rose Bowl,1,86.5,Pakistan,England,Mohammad Rizwan,Naseem Shah,JM Anderson,1,0,,,,,,,,,
1198242,2020,2020-08-13,The Rose Bowl,1,86.6,Pakistan,England,Naseem Shah,Mohammad Rizwan,JM Anderson,0,0,,,,,,,,,
1198242,2020,2020-08-13,The Rose Bowl,1,87.1,Pakistan,England,Mohammad Rizwan,Naseem Shah,SCJ Broad,0,0,,,,,,,,,
1198242,2020,2020-08-13,The Rose Bowl,1,87.2,Pakistan,England,Mohammad Rizwan,Naseem Shah,SCJ Broad,0,0,,,,,,,,,
1198242,2020,2020-08-13,The Rose Bowl,1,87.3,Pakistan,England,Mohammad Rizwan,Naseem Shah,SCJ Broad,0,0,,,,,,,,,
1198242,2020,2020-08-13,The Rose Bowl,1,87.4,Pakistan,England,Mohammad Rizwan,Naseem Shah,SCJ Broad,0,0,,,,,,,,,
1198242,2020,2020-08-13,The Rose Bowl,1,87.5,Pakistan,England,Mohammad Rizwan,Naseem Shah,SCJ Broad,0,1,,,,1,,,,,
1198242,2020,2020-08-13,The Rose Bowl,1,87.6,Pakistan,England,Naseem Shah,Mohammad Rizwan,SCJ Broad,0,0,,,,,,,,,
1198242,2020,2020-08-13,The Rose Bowl,1,88.1,Pakistan,England,Mohammad Rizwan,Naseem Shah,JM Anderson,0,0,,,,,,,,,
1198242,2020,2020-08-13,The Rose Bowl,1,88.2,Pakistan,England,Mohammad Rizwan,Naseem Shah,JM Anderson,2,0,,,,,,,,,
1198242,2020,2020-08-13,The Rose Bowl,1,88.3,Pakistan,England,Mohammad Rizwan,Naseem Shah,JM Anderson,0,0,,,,,,,,,
1198242,2020,2020-08-13,The Rose Bowl,1,88.4,Pakistan,England,Mohammad Rizwan,Naseem Shah,JM Anderson,0,0,,,,,,,,,
1198242,2020,2020-08-13,The Rose Bowl,1,88.5,Pakistan,England,Mohammad Rizwan,Naseem Shah,JM Anderson,4,0,,,,,,,,,
1198242,2020,2020-08-13,The Rose Bowl,1,88.6,Pakistan,England,Mohammad Rizwan,Naseem Shah,JM Anderson,0,0,,,,,,,,,
1198242,2020,2020-08-13,The Rose Bowl,1,89.1,Pakistan,England,Naseem Shah,Mohammad Rizwan,SCJ Broad,0,0,,,,,,,,,
1198242,2020,2020-08-13,The Rose Bowl,1,89.2,Pakistan,England,Naseem Shah,Mohammad Rizwan,SCJ Broad,0,0,,,,,,,,,
1198242,2020,2020-08-13,The Rose Bowl,1,89.3,Pakistan,England,Naseem Shah,Mohammad Rizwan,SCJ Broad,0,0,,,,,,,,,
1198242,2020,2020-08-13,The Rose Bowl,1,89.4,Pakistan,England,Naseem Shah,Mohammad Rizwan,SCJ Broad,0,0,,,,,,,,,
1198242,2020,2020-08-13,The Rose Bowl,1,89.5,Pakistan,England,Naseem Shah,Mohammad Rizwan,SCJ Broad,0,0,,,,,,,,,
1198242,2020,2020-08-13,The Rose Bowl,1,89.6,Pakistan,England,Naseem Shah,Mohammad Rizwan,SCJ Broad,0,0,,,,,,,,,
1198242,2020,2020-08-13,The Rose Bowl,1,90.1,Pakistan,England,Mohammad Rizwan,Naseem Shah,JM Anderson,0,0,,,,,,,,,
1198242,2020,2020-08-13,The Rose Bowl,1,90.2,Pakistan,England,Mohammad Rizwan,Naseem Shah,JM Anderson,0,0,,,,,,,,,
1198242,2020,2020-08-13,The Rose Bowl,1,90.3,Pakistan,England,Mohammad Rizwan,Naseem Shah,JM Anderson,4,0,,,,,,,,,
1198242,2020,2020-08-13,The Rose Bowl,1,90.4,Pakistan,England,Mohammad Rizwan,Naseem Shah,JM Anderson,0,0,,,,,,,,,
1198242,2020,2020-08-13,The Rose Bowl,1,90.5,Pakistan,England,Mohammad Rizwan,Naseem Shah,JM Anderson,1,0,,,,,,,,,
1198242,2020,2020-08-13,The Rose Bowl,1,90.6,Pakistan,England,Naseem Shah,Mohammad Rizwan,JM Anderson,0,0,,,,,,,,,
1198242,2020,2020-08-13,The Rose Bowl,1,91.1,Pakistan,England,Mohammad Rizwan,Naseem Shah,SCJ Broad,0,0,,,,,,,,,
1198242,2020,2020-08-13,The Rose Bowl,1,91.2,Pakistan,England,Mohammad Rizwan,Naseem Shah,SCJ Broad,0,0,,,,,,caught,Mohammad Rizwan,,
1198242,2020,2020-08-13,The Rose Bowl,2,0.1,England,Pakistan,RJ Burns,DP Sibley,Shaheen Shah Afridi,0,0,,,,,,,,,
1198242,2020,2020-08-13,The Rose Bowl,2,0.2,England,Pakistan,RJ Burns,DP Sibley,Shaheen Shah Afridi,0,0,,,,,,,,,
1198242,2020,2020-08-13,The Rose Bowl,2,0.3,England,Pakistan,RJ Burns,DP Sibley,Shaheen Shah Afridi,0,0,,,,,,,,,
1198242,2020,2020-08-13,The Rose Bowl,2,0.4,England,Pakistan,RJ Burns,DP Sibley,Shaheen Shah Afridi,0,0,,,,,,caught,RJ Burns,,
1198242,2020,2020-08-13,The Rose Bowl,2,0.5,England,Pakistan,Z Crawley,DP Sibley,Shaheen Shah Afridi,0,0,,,,,,,,,
1198242,2020,2020-08-13,The Rose Bowl,2,0.6,England,Pakistan,Z Crawley,DP Sibley,Shaheen Shah Afridi,0,0,,,,,,,,,
1198242,2020,2020-08-13,The Rose Bowl,2,1.1,England,Pakistan,DP Sibley,Z Crawley,Mohammad Abbas,0,0,,,,,,,,,
1198242,2020,2020-08-13,The Rose Bowl,2,1.2,England,Pakistan,DP Sibley,Z Crawley,Mohammad Abbas,0,0,,,,,,,,,
1198242,2020,2020-08-13,The Rose Bowl,2,1.3,England,Pakistan,DP Sibley,Z Crawley,Mohammad Abbas,0,0,,,,,,,,,
1198242,2020,2020-08-13,The Rose Bowl,2,1.4,England,Pakistan,DP Sibley,Z Crawley,Mohammad Abbas,0,0,,,,,,,,,
1198242,2020,2020-08-13,The Rose Bowl,2,1.5,England,Pakistan,DP Sibley,Z Crawley,Mohammad Abbas,0,0,,,,,,,,,
1198242,2020,2020-08-13,The Rose Bowl,2,1.6,England,Pakistan,DP Sibley,Z Crawley,Mohammad Abbas,0,0,,,,,,,,,
1198242,2020,2020-08-13,The Rose Bowl,2,2.1,England,Pakistan,Z Crawley,DP Sibley,Shaheen Shah Afridi,0,0,,,,,,,,,
1198242,2020,2020-08-13,The Rose Bowl,2,2.2,England,Pakistan,Z Crawley,DP Sibley,Shaheen Shah Afridi,0,0,,,,,,,,,
1198242,2020,2020-08-13,The Rose Bowl,2,2.3,England,Pakistan,Z Crawley,DP Sibley,Shaheen Shah Afridi,0,0,,,,,,,,,
1198242,2020,2020-08-13,The Rose Bowl,2,2.4,England,Pakistan,Z Crawley,DP Sibley,Shaheen Shah Afridi,0,0,,,,,,,,,
1198242,2020,2020-08-13,The Rose Bowl,2,2.5,England,Pakistan,Z Crawley,DP Sibley,Shaheen Shah Afridi,0,0,,,,,,,,,
1198242,2020,2020-08-13,The Rose Bowl,2,2.6,England,Pakistan,Z Crawley,DP Sibley,Shaheen Shah Afridi,3,0,,,,,,,,,
1198242,2020,2020-08-13,The Rose Bowl,2,3.1,England,Pakistan,Z Crawley,DP Sibley,Mohammad Abbas,0,0,,,,,,,,,
1198242,2020,2020-08-13,The Rose Bowl,2,3.2,England,Pakistan,Z Crawley,DP Sibley,Mohammad Abbas,0,0,,,,,,,,,
1198242,2020,2020-08-13,The Rose Bowl,2,3.3,England,Pakistan,Z Crawley,DP Sibley,Mohammad Abbas,2,0,,,,,,,,,
1198242,2020,2020-08-13,The Rose Bowl,2,3.4,England,Pakistan,Z Crawley,DP Sibley,Mohammad Abbas,0,0,,,,,,,,,
1198242,2020,2020-08-13,The Rose Bowl,2,3.5,England,Pakistan,Z Crawley,DP Sibley,Mohammad Abbas,0,0,,,,,,,,,
1198242,2020,2020-08-13,The Rose Bowl,2,3.6,England,Pakistan,Z Crawley,DP Sibley,Mohammad Abbas,0,0,,,,,,,,,
1198242,2020,2020-08-13,The Rose Bowl,2,4.1,England,Pakistan,DP Sibley,Z Crawley,Shaheen Shah Afridi,0,0,,,,,,,,,
1198242,2020,2020-08-13,The Rose Bowl,2,4.2,England,Pakistan,DP Sibley,Z Crawley,Shaheen Shah Afridi,2,0,,,,,,,,,
1198242,2020,2020-08-13,The Rose Bowl,2,4.3,England,Pakistan,DP Sibley,Z Crawley,Shaheen Shah Afridi,0,0,,,,,,,,,
1198242,2020,2020-08-13,The Rose Bowl,2,4.4,England,Pakistan,DP Sibley,Z Crawley,Shaheen Shah Afridi,0,0,,,,,,,,,
1198242,2020,2020-08-13,The Rose Bowl,2,4.5,England,Pakistan,DP Sibley,Z Crawley,Shaheen Shah Afridi,0,0,,,,,,,,,
1198242,2020,2020-08-13,The Rose Bowl,2,4.6,England,Pakistan,DP Sibley,Z Crawley,Shaheen Shah Afridi,0,0,,,,,,,,,
1198242,2020,2020-08-13,The Rose Bowl,2,5.1,England,Pakistan,Z Crawley,DP Sibley,Mohammad Abbas,1,1,,1,,,,,,,
1198242,2020,2020-08-13,The Rose Bowl,2,5.2,England,Pakistan,DP Sibley,Z Crawley,Mohammad Abbas,3,0,,,,,,,,,
1198242,2020,2020-08-13,The Rose Bowl,2,5.3,England,Pakistan,Z Crawley,DP Sibley,Mohammad Abbas,0,0,,,,,,,,,
1198242,2020,2020-08-13,The Rose Bowl,2,5.4,England,Pakistan,Z Crawley,DP Sibley,Mohammad Abbas,0,0,,,,,,,,,
1198242,2020,2020-08-13,The Rose Bowl,2,5.5,England,Pakistan,Z Crawley,DP Sibley,Mohammad Abbas,0,0,,,,,,,,,
1198242,2020,2020-08-13,The Rose Bowl,2,5.6,England,Pakistan,Z Crawley,DP Sibley,Mohammad Abbas,0,0,,,,,,,,,
1198242,2020,2020-08-13,The Rose Bowl,2,5.7,England,Pakistan,Z Crawley,DP Sibley,Mohammad Abbas,0,0,,,,,,,,,
1198242,2020,2020-08-13,The Rose Bowl,2,6.1,England,Pakistan,DP Sibley,Z Crawley,Shaheen Shah Afridi,0,0,,,,,,,,,
1198242,2020,2020-08-13,The Rose Bowl,2,6.2,England,Pakistan,DP Sibley,Z Crawley,Shaheen Shah Afridi,0,0,,,,,,,,,
1198242,2020,2020-08-13,The Rose Bowl,2,6.3,England,Pakistan,DP Sibley,Z Crawley,Shaheen Shah Afridi,0,0,,,,,,,,,
1198242,2020,2020-08-13,The Rose Bowl,2,6.4,England,Pakistan,DP Sibley,Z Crawley,Shaheen Shah Afridi,0,0,,,,,,,,,
1198242,2020,2020-08-13,The Rose Bowl,2,6.5,England,Pakistan,DP Sibley,Z Crawley,Shaheen Shah Afridi,0,0,,,,,,,,,
1198242,2020,2020-08-13,The Rose Bowl,2,6.6,England,Pakistan,DP Sibley,Z Crawley,Shaheen Shah Afridi,0,0,,,,,,,,,
1198242,2020,2020-08-13,The Rose Bowl,2,7.1,England,Pakistan,Z Crawley,DP Sibley,Mohammad Abbas,0,0,,,,,,,,,
1198242,2020,2020-08-13,The Rose Bowl,2,7.2,England,Pakistan,Z Crawley,DP Sibley,Mohammad Abbas,4,0,,,,,,,,,
1198242,2020,2020-08-13,The Rose Bowl,2,7.3,England,Pakistan,Z Crawley,DP Sibley,Mohammad Abbas,0,0,,,,,,,,,
1198242,2020,2020-08-13,The Rose Bowl,2,7.4,England,Pakistan,Z Crawley,DP Sibley,Mohammad Abbas,0,0,,,,,,,,,
1198242,2020,2020-08-13,The Rose Bowl,2,7.5,England,Pakistan,Z Crawley,DP Sibley,Mohammad Abbas,0,0,,,,,,,,,
1198242,2020,2020-08-13,The Rose Bowl,2,7.6,England,Pakistan,Z Crawley,DP Sibley,Mohammad Abbas,4,0,,,,,,,,,
1198242,2020,2020-08-13,The Rose Bowl,2,8.1,England,Pakistan,DP Sibley,Z Crawley,Shaheen Shah Afridi,1,0,,,,,,,,,
1198242,2020,2020-08-13,The Rose Bowl,2,8.2,England,Pakistan,Z Crawley,DP Sibley,Shaheen Shah Afridi,0,0,,,,,,,,,
1198242,2020,2020-08-13,The Rose Bowl,2,8.3,England,Pakistan,Z Crawley,DP Sibley,Shaheen Shah Afridi,3,0,,,,,,,,,
1198242,2020,2020-08-13,The Rose Bowl,2,8.4,England,Pakistan,DP Sibley,Z Crawley,Shaheen Shah Afridi,0,0,,,,,,,,,
1198242,2020,2020-08-13,The Rose Bowl,2,8.5,England,Pakistan,DP Sibley,Z Crawley,Shaheen Shah Afridi,0,2,,,,2,,,,,
1198242,2020,2020-08-13,The Rose Bowl,2,8.6,England,Pakistan,DP Sibley,Z Crawley,Shaheen Shah Afridi,0,0,,,,,,,,,
1198242,2020,2020-08-13,The Rose Bowl,2,9.1,England,Pakistan,Z Crawley,DP Sibley,Mohammad Abbas,0,0,,,,,,,,,
1198242,2020,2020-08-13,The Rose Bowl,2,9.2,England,Pakistan,Z Crawley,DP Sibley,Mohammad Abbas,0,0,,,,,,,,,
1198242,2020,2020-08-13,The Rose Bowl,2,9.3,England,Pakistan,Z Crawley,DP Sibley,Mohammad Abbas,1,0,,,,,,,,,
1198242,2020,2020-08-13,The Rose Bowl,2,9.4,England,Pakistan,DP Sibley,Z Crawley,Mohammad Abbas,0,0,,,,,,,,,
1198242,2020,2020-08-13,The Rose Bowl,2,9.5,England,Pakistan,DP Sibley,Z Crawley,Mohammad Abbas,0,0,,,,,,,,,
1198242,2020,2020-08-13,The Rose Bowl,2,9.6,England,Pakistan,DP Sibley,Z Crawley,Mohammad Abbas,0,0,,,,,,,,,
1198242,2020,2020-08-13,The Rose Bowl,2,10.1,England,Pakistan,Z Crawley,DP Sibley,Shaheen Shah Afridi,0,0,,,,,,,,,
1198242,2020,2020-08-13,The Rose Bowl,2,10.2,England,Pakistan,Z Crawley,DP Sibley,Shaheen Shah Afridi,3,0,,,,,,,,,
1198242,2020,2020-08-13,The Rose Bowl,2,10.3,England,Pakistan,DP Sibley,Z Crawley,Shaheen Shah Afridi,0,0,,,,,,,,,
1198242,2020,2020-08-13,The Rose Bowl,2,10.4,England,Pakistan,DP Sibley,Z Crawley,Shaheen Shah Afridi,0,1,,,,1,,,,,
1198242,2020,2020-08-13,The Rose Bowl,2,10.5,England,Pakistan,Z Crawley,DP Sibley,Shaheen Shah Afridi,0,0,,,,,,,,,
1198242,2020,2020-08-13,The Rose Bowl,2,10.6,England,Pakistan,Z Crawley,DP Sibley,Shaheen Shah Afridi,0,0,,,,,,,,,
1198242,2020,2020-08-13,The Rose Bowl,2,11.1,England,Pakistan,DP Sibley,Z Crawley,Mohammad Abbas,2,0,,,,,,,,,
1198242,2020,2020-08-13,The Rose Bowl,2,11.2,England,Pakistan,DP Sibley,Z Crawley,Mohammad Abbas,0,0,,,,,,,,,
1198242,2020,2020-08-13,The Rose Bowl,2,11.3,England,Pakistan,DP Sibley,Z Crawley,Mohammad Abbas,0,0,,,,,,,,,
1198242,2020,2020-08-13,The Rose Bowl,2,11.4,England,Pakistan,DP Sibley,Z Crawley,Mohammad Abbas,0,0,,,,,,,,,
1198242,2020,2020-08-13,The Rose Bowl,2,11.5,England,Pakistan,DP Sibley,Z Crawley,Mohammad Abbas,0,0,,,,,,,,,
1198242,2020,2020-08-13,The Rose Bowl,2,11.6,England,Pakistan,DP Sibley,Z Crawley,Mohammad Abbas,0,0,,,,,,,,,
1198242,2020,2020-08-13,The Rose Bowl,2,12.1,England,Pakistan,Z Crawley,DP Sibley,Naseem Shah,0,0,,,,,,,,,
1198242,2020,2020-08-13,The Rose Bowl,2,12.2,England,Pakistan,Z Crawley,DP Sibley,Naseem Shah,0,0,,,,,,,,,
1198242,2020,2020-08-13,The Rose Bowl,2,12.3,England,Pakistan,Z Crawley,DP Sibley,Naseem Shah,0,0,,,,,,,,,
1198242,2020,2020-08-13,The Rose Bowl,2,12.4,England,Pakistan,Z Crawley,DP Sibley,Naseem Shah,0,1,,1,,,,,,,
1198242,2020,2020-08-13,The Rose Bowl,2,12.5,England,Pakistan,Z Crawley,DP Sibley,Naseem Shah,0,0,,,,,,,,,
1198242,2020,2020-08-13,The Rose Bowl,2,12.6,England,Pakistan,Z Crawley,DP Sibley,Naseem Shah,0,0,,,,,,,,,
1198242,2020,2020-08-13,The Rose Bowl,2,12.7,England,Pakistan,Z Crawley,DP Sibley,Naseem Shah,0,0,,,,,,,,,
1198242,2020,2020-08-13,The Rose Bowl,2,13.1,England,Pakistan,DP Sibley,Z Crawley,Mohammad Abbas,0,0,,,,,,,,,
1198242,2020,2020-08-13,The Rose Bowl,2,13.2,England,Pakistan,DP Sibley,Z Crawley,Mohammad Abbas,0,0,,,,,,,,,
1198242,2020,2020-08-13,The Rose Bowl,2,13.3,England,Pakistan,DP Sibley,Z Crawley,Mohammad Abbas,0,0,,,,,,,,,
1198242,2020,2020-08-13,The Rose Bowl,2,13.4,England,Pakistan,DP Sibley,Z Crawley,Mohammad Abbas,0,0,,,,,,,,,
1198242,2020,2020-08-13,The Rose Bowl,2,13.5,England,Pakistan,DP Sibley,Z Crawley,Mohammad Abbas,0,0,,,,,,,,,
1198242,2020,2020-08-13,The Rose Bowl,2,13.6,England,Pakistan,DP Sibley,Z Crawley,Mohammad Abbas,0,0,,,,,,,,,
1198242,2020,2020-08-13,The Rose Bowl,2,14.1,England,Pakistan,Z Crawley,DP Sibley,Naseem Shah,0,0,,,,,,,,,
1198242,2020,2020-08-13,The Rose Bowl,2,14.2,England,Pakistan,Z Crawley,DP Sibley,Naseem Shah,0,0,,,,,,,,,
1198242,2020,2020-08-13,The Rose Bowl,2,14.3,England,Pakistan,Z Crawley,DP Sibley,Naseem Shah,0,0,,,,,,,,,
1198242,2020,2020-08-13,The Rose Bowl,2,14.4,England,Pakistan,Z Crawley,DP Sibley,Naseem Shah,0,0,,,,,,,,,
1198242,2020,2020-08-13,The Rose Bowl,2,14.5,England,Pakistan,Z Crawley,DP Sibley,Naseem Shah,1,0,,,,,,,,,
1198242,2020,2020-08-13,The Rose Bowl,2,14.6,England,Pakistan,DP Sibley,Z Crawley,Naseem Shah,0,0,,,,,,,,,
1198242,2020,2020-08-13,The Rose Bowl,2,15.1,England,Pakistan,Z Crawley,DP Sibley,Mohammad Abbas,0,0,,,,,,,,,
1198242,2020,2020-08-13,The Rose Bowl,2,15.2,England,Pakistan,Z Crawley,DP Sibley,Mohammad Abbas,0,0,,,,,,,,,
1198242,2020,2020-08-13,The Rose Bowl,2,15.3,England,Pakistan,Z Crawley,DP Sibley,Mohammad Abbas,0,0,,,,,,,,,
1198242,2020,2020-08-13,The Rose Bowl,2,15.4,England,Pakistan,Z Crawley,DP Sibley,Mohammad Abbas,0,0,,,,,,,,,
1198242,2020,2020-08-13,The Rose Bowl,2,15.5,England,Pakistan,Z Crawley,DP Sibley,Mohammad Abbas,0,0,,,,,,,,,
1198242,2020,2020-08-13,The Rose Bowl,2,15.6,England,Pakistan,Z Crawley,DP Sibley,Mohammad Abbas,0,0,,,,,,,,,
1198242,2020,2020-08-13,The Rose Bowl,2,16.1,England,Pakistan,DP Sibley,Z Crawley,Naseem Shah,0,0,,,,,,,,,
1198242,2020,2020-08-13,The Rose Bowl,2,16.2,England,Pakistan,DP Sibley,Z Crawley,Naseem Shah,0,0,,,,,,,,,
1198242,2020,2020-08-13,The Rose Bowl,2,16.3,England,Pakistan,DP Sibley,Z Crawley,Naseem Shah,1,0,,,,,,,,,
1198242,2020,2020-08-13,The Rose Bowl,2,16.4,England,Pakistan,Z Crawley,DP Sibley,Naseem Shah,2,0,,,,,,,,,
1198242,2020,2020-08-13,The Rose Bowl,2,16.5,England,Pakistan,Z Crawley,DP Sibley,Naseem Shah,0,0,,,,,,,,,
1198242,2020,2020-08-13,The Rose Bowl,2,16.6,England,Pakistan,Z Crawley,DP Sibley,Naseem Shah,0,0,,,,,,,,,
1198242,2020,2020-08-13,The Rose Bowl,2,17.1,England,Pakistan,DP Sibley,Z Crawley,Shaheen Shah Afridi,2,0,,,,,,,,,
1198242,2020,2020-08-13,The Rose Bowl,2,17.2,England,Pakistan,DP Sibley,Z Crawley,Shaheen Shah Afridi,0,0,,,,,,,,,
1198242,2020,2020-08-13,The Rose Bowl,2,17.3,England,Pakistan,DP Sibley,Z Crawley,Shaheen Shah Afridi,4,0,,,,,,,,,
1198242,2020,2020-08-13,The Rose Bowl,2,17.4,England,Pakistan,DP Sibley,Z Crawley,Shaheen Shah Afridi,0,0,,,,,,,,,
1198242,2020,2020-08-13,The Rose Bowl,2,17.5,England,Pakistan,DP Sibley,Z Crawley,Shaheen Shah Afridi,1,0,,,,,,,,,
1198242,2020,2020-08-13,The Rose Bowl,2,17.6,England,Pakistan,Z Crawley,DP Sibley,Shaheen Shah Afridi,0,0,,,,,,,,,
1198242,2020,2020-08-13,The Rose Bowl,2,18.1,England,Pakistan,DP Sibley,Z Crawley,Naseem Shah,0,0,,,,,,,,,
1198242,2020,2020-08-13,The Rose Bowl,2,18.2,England,Pakistan,DP Sibley,Z Crawley,Naseem Shah,0,0,,,,,,,,,
1198242,2020,2020-08-13,The Rose Bowl,2,18.3,England,Pakistan,DP Sibley,Z Crawley,Naseem Shah,0,0,,,,,,,,,
1198242,2020,2020-08-13,The Rose Bowl,2,18.4,England,Pakistan,DP Sibley,Z Crawley,Naseem Shah,0,0,,,,,,,,,
1198242,2020,2020-08-13,The Rose Bowl,2,18.5,England,Pakistan,DP Sibley,Z Crawley,Naseem Shah,0,0,,,,,,,,,
1198242,2020,2020-08-13,The Rose Bowl,2,18.6,England,Pakistan,DP Sibley,Z Crawley,Naseem Shah,4,0,,,,,,,,,
1198242,2020,2020-08-13,The Rose Bowl,2,19.1,England,Pakistan,Z Crawley,DP Sibley,Shaheen Shah Afridi,0,1,,1,,,,,,,
1198242,2020,2020-08-13,The Rose Bowl,2,19.2,England,Pakistan,Z Crawley,DP Sibley,Shaheen Shah Afridi,0,0,,,,,,,,,
1198242,2020,2020-08-13,The Rose Bowl,2,19.3,England,Pakistan,Z Crawley,DP Sibley,Shaheen Shah Afridi,0,0,,,,,,,,,
1198242,2020,2020-08-13,The Rose Bowl,2,19.4,England,Pakistan,Z Crawley,DP Sibley,Shaheen Shah Afridi,0,1,1,,,,,,,,
1198242,2020,2020-08-13,The Rose Bowl,2,19.5,England,Pakistan,Z Crawley,DP Sibley,Shaheen Shah Afridi,0,0,,,,,,,,,
1198242,2020,2020-08-13,The Rose Bowl,2,19.6,England,Pakistan,Z Crawley,DP Sibley,Shaheen Shah Afridi,0,0,,,,,,,,,
1198242,2020,2020-08-13,The Rose Bowl,2,19.7,England,Pakistan,Z Crawley,DP Sibley,Shaheen Shah Afridi,0,0,,,,,,,,,
1198242,2020,2020-08-13,The Rose Bowl,2,19.8,England,Pakistan,Z Crawley,DP Sibley,Shaheen Shah Afridi,0,0,,,,,,,,,
1198242,2020,2020-08-13,The Rose Bowl,2,20.1,England,Pakistan,DP Sibley,Z Crawley,Naseem Shah,0,0,,,,,,,,,
1198242,2020,2020-08-13,The Rose Bowl,2,20.2,England,Pakistan,DP Sibley,Z Crawley,Naseem Shah,0,0,,,,,,,,,
1198242,2020,2020-08-13,The Rose Bowl,2,20.3,England,Pakistan,DP Sibley,Z Crawley,Naseem Shah,0,0,,,,,,,,,
1198242,2020,2020-08-13,The Rose Bowl,2,20.4,England,Pakistan,DP Sibley,Z Crawley,Naseem Shah,0,0,,,,,,,,,
1198242,2020,2020-08-13,The Rose Bowl,2,20.5,England,Pakistan,DP Sibley,Z Crawley,Naseem Shah,0,0,,,,,,,,,
1198242,2020,2020-08-13,The Rose Bowl,2,20.6,England,Pakistan,DP Sibley,Z Crawley,Naseem Shah,1,0,,,,,,,,,
1198242,2020,2020-08-13,The Rose Bowl,2,21.1,England,Pakistan,DP Sibley,Z Crawley,Shaheen Shah Afridi,0,0,,,,,,,,,
1198242,2020,2020-08-13,The Rose Bowl,2,21.2,England,Pakistan,DP Sibley,Z Crawley,Shaheen Shah Afridi,0,0,,,,,,,,,
1198242,2020,2020-08-13,The Rose Bowl,2,21.3,England,Pakistan,DP Sibley,Z Crawley,Shaheen Shah Afridi,0,0,,,,,,,,,
1198242,2020,2020-08-13,The Rose Bowl,2,21.4,England,Pakistan,DP Sibley,Z Crawley,Shaheen Shah Afridi,0,0,,,,,,,,,
1198242,2020,2020-08-13,The Rose Bowl,2,21.5,England,Pakistan,DP Sibley,Z Crawley,Shaheen Shah Afridi,0,0,,,,,,,,,
1198242,2020,2020-08-13,The Rose Bowl,2,21.6,England,Pakistan,DP Sibley,Z Crawley,Shaheen Shah Afridi,0,0,,,,,,,,,
1198242,2020,2020-08-13,The Rose Bowl,2,22.1,England,Pakistan,Z Crawley,DP Sibley,Yasir Shah,0,0,,,,,,,,,
1198242,2020,2020-08-13,The Rose Bowl,2,22.2,England,Pakistan,Z Crawley,DP Sibley,Yasir Shah,0,0,,,,,,,,,
1198242,2020,2020-08-13,The Rose Bowl,2,22.3,England,Pakistan,Z Crawley,DP Sibley,Yasir Shah,4,0,,,,,,,,,
1198242,2020,2020-08-13,The Rose Bowl,2,22.4,England,Pakistan,Z Crawley,DP Sibley,Yasir Shah,1,0,,,,,,,,,
1198242,2020,2020-08-13,The Rose Bowl,2,22.5,England,Pakistan,DP Sibley,Z Crawley,Yasir Shah,0,0,,,,,,,,,
1198242,2020,2020-08-13,The Rose Bowl,2,22.6,England,Pakistan,DP Sibley,Z Crawley,Yasir Shah,0,0,,,,,,,,,
1198242,2020,2020-08-13,The Rose Bowl,2,23.1,England,Pakistan,Z Crawley,DP Sibley,Shaheen Shah Afridi,0,0,,,,,,,,,
1198242,2020,2020-08-13,The Rose Bowl,2,23.2,England,Pakistan,Z Crawley,DP Sibley,Shaheen Shah Afridi,0,0,,,,,,,,,
1198242,2020,2020-08-13,The Rose Bowl,2,23.3,England,Pakistan,Z Crawley,DP Sibley,Shaheen Shah Afridi,0,0,,,,,,,,,
1198242,2020,2020-08-13,The Rose Bowl,2,23.4,England,Pakistan,Z Crawley,DP Sibley,Shaheen Shah Afridi,0,0,,,,,,,,,
1198242,2020,2020-08-13,The Rose Bowl,2,23.5,England,Pakistan,Z Crawley,DP Sibley,Shaheen Shah Afridi,4,0,,,,,,,,,
1198242,2020,2020-08-13,The Rose Bowl,2,23.6,England,Pakistan,Z Crawley,DP Sibley,Shaheen Shah Afridi,0,0,,,,,,,,,
1198242,2020,2020-08-13,The Rose Bowl,2,24.1,England,Pakistan,DP Sibley,Z Crawley,Yasir Shah,0,0,,,,,,,,,
1198242,2020,2020-08-13,The Rose Bowl,2,24.2,England,Pakistan,DP Sibley,Z Crawley,Yasir Shah,4,0,,,,,,,,,
1198242,2020,2020-08-13,The Rose Bowl,2,24.3,England,Pakistan,DP Sibley,Z Crawley,Yasir Shah,3,0,,,,,,,,,
1198242,2020,2020-08-13,The Rose Bowl,2,24.4,England,Pakistan,Z Crawley,DP Sibley,Yasir Shah,1,0,,,,,,,,,
1198242,2020,2020-08-13,The Rose Bowl,2,24.5,England,Pakistan,DP Sibley,Z Crawley,Yasir Shah,0,0,,,,,,,,,
1198242,2020,2020-08-13,The Rose Bowl,2,24.6,England,Pakistan,DP Sibley,Z Crawley,Yasir Shah,0,0,,,,,,,,,
1198242,2020,2020-08-13,The Rose Bowl,2,25.1,England,Pakistan,Z Crawley,DP Sibley,Shan Masood,2,0,,,,,,,,,
1198242,2020,2020-08-13,The Rose Bowl,2,25.2,England,Pakistan,Z Crawley,DP Sibley,Shan Masood,0,0,,,,,,,,,
1198242,2020,2020-08-13,The Rose Bowl,2,25.3,England,Pakistan,Z Crawley,DP Sibley,Shan Masood,0,0,,,,,,,,,
1198242,2020,2020-08-13,The Rose Bowl,2,25.4,England,Pakistan,Z Crawley,DP Sibley,Shan Masood,1,0,,,,,,,,,
1198242,2020,2020-08-13,The Rose Bowl,2,25.5,England,Pakistan,DP Sibley,Z Crawley,Shan Masood,0,0,,,,,,,,,
1198242,2020,2020-08-13,The Rose Bowl,2,25.6,England,Pakistan,DP Sibley,Z Crawley,Shan Masood,0,0,,,,,,,,,
1198242,2020,2020-08-13,The Rose Bowl,2,26.1,England,Pakistan,Z Crawley,DP Sibley,Yasir Shah,0,0,,,,,,,,,
1198242,2020,2020-08-13,The Rose Bowl,2,26.2,England,Pakistan,Z Crawley,DP Sibley,Yasir Shah,0,0,,,,,,,,,
1198242,2020,2020-08-13,The Rose Bowl,2,26.3,England,Pakistan,Z Crawley,DP Sibley,Yasir Shah,0,0,,,,,,,,,
1198242,2020,2020-08-13,The Rose Bowl,2,26.4,England,Pakistan,Z Crawley,DP Sibley,Yasir Shah,0,0,,,,,,,,,
1198242,2020,2020-08-13,The Rose Bowl,2,26.5,England,Pakistan,Z Crawley,DP Sibley,Yasir Shah,0,0,,,,,,,,,
1198242,2020,2020-08-13,The Rose Bowl,2,26.6,England,Pakistan,Z Crawley,DP Sibley,Yasir Shah,1,0,,,,,,,,,
1198242,2020,2020-08-13,The Rose Bowl,2,27.1,England,Pakistan,Z Crawley,DP Sibley,Shan Masood,4,0,,,,,,,,,
1198242,2020,2020-08-13,The Rose Bowl,2,27.2,England,Pakistan,Z Crawley,DP Sibley,Shan Masood,0,0,,,,,,,,,
1198242,2020,2020-08-13,The Rose Bowl,2,27.3,England,Pakistan,Z Crawley,DP Sibley,Shan Masood,0,0,,,,,,,,,
1198242,2020,2020-08-13,The Rose Bowl,2,27.4,England,Pakistan,Z Crawley,DP Sibley,Shan Masood,4,0,,,,,,,,,
1198242,2020,2020-08-13,The Rose Bowl,2,27.5,England,Pakistan,Z Crawley,DP Sibley,Shan Masood,0,0,,,,,,,,,
1198242,2020,2020-08-13,The Rose Bowl,2,27.6,England,Pakistan,Z Crawley,DP Sibley,Shan Masood,1,0,,,,,,,,,
1198242,2020,2020-08-13,The Rose Bowl,2,28.1,England,Pakistan,Z Crawley,DP Sibley,Yasir Shah,1,0,,,,,,,,,
1198242,2020,2020-08-13,The Rose Bowl,2,28.2,England,Pakistan,DP Sibley,Z Crawley,Yasir Shah,0,0,,,,,,,,,
1198242,2020,2020-08-13,The Rose Bowl,2,28.3,England,Pakistan,DP Sibley,Z Crawley,Yasir Shah,0,0,,,,,,,,,
1198242,2020,2020-08-13,The Rose Bowl,2,28.4,England,Pakistan,DP Sibley,Z Crawley,Yasir Shah,1,0,,,,,,,,,
1198242,2020,2020-08-13,The Rose Bowl,2,28.5,England,Pakistan,Z Crawley,DP Sibley,Yasir Shah,0,0,,,,,,,,,
1198242,2020,2020-08-13,The Rose Bowl,2,28.6,England,Pakistan,Z Crawley,DP Sibley,Yasir Shah,0,0,,,,,,,,,
1198242,2020,2020-08-13,The Rose Bowl,2,29.1,England,Pakistan,DP Sibley,Z Crawley,Shan Masood,0,0,,,,,,,,,
1198242,2020,2020-08-13,The Rose Bowl,2,29.2,England,Pakistan,DP Sibley,Z Crawley,Shan Masood,0,0,,,,,,,,,
1198242,2020,2020-08-13,The Rose Bowl,2,29.3,England,Pakistan,DP Sibley,Z Crawley,Shan Masood,0,0,,,,,,,,,
1198242,2020,2020-08-13,The Rose Bowl,2,29.4,England,Pakistan,DP Sibley,Z Crawley,Shan Masood,0,0,,,,,,,,,
1198242,2020,2020-08-13,The Rose Bowl,2,29.5,England,Pakistan,DP Sibley,Z Crawley,Shan Masood,2,0,,,,,,,,,
1198242,2020,2020-08-13,The Rose Bowl,2,29.6,England,Pakistan,DP Sibley,Z Crawley,Shan Masood,0,0,,,,,,,,,
1198242,2020,2020-08-13,The Rose Bowl,2,30.1,England,Pakistan,Z Crawley,DP Sibley,Yasir Shah,0,0,,,,,,,,,
1198242,2020,2020-08-13,The Rose Bowl,2,30.2,England,Pakistan,Z Crawley,DP Sibley,Yasir Shah,0,0,,,,,,,,,
1198242,2020,2020-08-13,The Rose Bowl,2,30.3,England,Pakistan,Z Crawley,DP Sibley,Yasir Shah,4,0,,,,,,,,,
1198242,2020,2020-08-13,The Rose Bowl,2,30.4,England,Pakistan,Z Crawley,DP Sibley,Yasir Shah,1,0,,,,,,,,,
1198242,2020,2020-08-13,The Rose Bowl,2,30.5,England,Pakistan,DP Sibley,Z Crawley,Yasir Shah,0,0,,,,,,,,,
1198242,2020,2020-08-13,The Rose Bowl,2,30.6,England,Pakistan,DP Sibley,Z Crawley,Yasir Shah,0,0,,,,,,,,,
1198242,2020,2020-08-13,The Rose Bowl,2,31.1,England,Pakistan,Z Crawley,DP Sibley,Mohammad Abbas,0,0,,,,,,lbw,Z Crawley,,
1198242,2020,2020-08-13,The Rose Bowl,2,31.2,England,Pakistan,JE Root,DP Sibley,Mohammad Abbas,0,0,,,,,,,,,
1198242,2020,2020-08-13,The Rose Bowl,2,31.3,England,Pakistan,JE Root,DP Sibley,Mohammad Abbas,0,0,,,,,,,,,
1198242,2020,2020-08-13,The Rose Bowl,2,31.4,England,Pakistan,JE Root,DP Sibley,Mohammad Abbas,0,0,,,,,,,,,
1198242,2020,2020-08-13,The Rose Bowl,2,31.5,England,Pakistan,JE Root,DP Sibley,Mohammad Abbas,0,0,,,,,,,,,
1198242,2020,2020-08-13,The Rose Bowl,2,31.6,England,Pakistan,JE Root,DP Sibley,Mohammad Abbas,0,0,,,,,,,,,
1198242,2020,2020-08-13,The Rose Bowl,2,32.1,England,Pakistan,DP Sibley,JE Root,Yasir Shah,0,0,,,,,,,,,
1198242,2020,2020-08-13,The Rose Bowl,2,32.2,England,Pakistan,DP Sibley,JE Root,Yasir Shah,0,0,,,,,,,,,
1198242,2020,2020-08-13,The Rose Bowl,2,32.3,England,Pakistan,DP Sibley,JE Root,Yasir Shah,0,0,,,,,,,,,
1198242,2020,2020-08-13,The Rose Bowl,2,32.4,England,Pakistan,DP Sibley,JE Root,Yasir Shah,0,0,,,,,,,,,
1198242,2020,2020-08-13,The Rose Bowl,2,32.5,England,Pakistan,DP Sibley,JE Root,Yasir Shah,1,0,,,,,,,,,
1198242,2020,2020-08-13,The Rose Bowl,2,32.6,England,Pakistan,JE Root,DP Sibley,Yasir Shah,0,0,,,,,,,,,
1198242,2020,2020-08-13,The Rose Bowl,2,33.1,England,Pakistan,DP Sibley,JE Root,Mohammad Abbas,0,0,,,,,,,,,
1198242,2020,2020-08-13,The Rose Bowl,2,33.2,England,Pakistan,DP Sibley,JE Root,Mohammad Abbas,0,0,,,,,,,,,
1198242,2020,2020-08-13,The Rose Bowl,2,33.3,England,Pakistan,DP Sibley,JE Root,Mohammad Abbas,0,0,,,,,,caught,DP Sibley,,
1198242,2020,2020-08-13,The Rose Bowl,2,33.4,England,Pakistan,OJ Pope,JE Root,Mohammad Abbas,0,0,,,,,,,,,
1198242,2020,2020-08-13,The Rose Bowl,2,33.5,England,Pakistan,OJ Pope,JE Root,Mohammad Abbas,0,0,,,,,,,,,
1198242,2020,2020-08-13,The Rose Bowl,2,33.6,England,Pakistan,OJ Pope,JE Root,Mohammad Abbas,0,0,,,,,,,,,
1198242,2020,2020-08-13,The Rose Bowl,2,34.1,England,Pakistan,JE Root,OJ Pope,Yasir Shah,0,0,,,,,,,,,
1198242,2020,2020-08-13,The Rose Bowl,2,34.2,England,Pakistan,JE Root,OJ Pope,Yasir Shah,0,0,,,,,,,,,
1198242,2020,2020-08-13,The Rose Bowl,2,34.3,England,Pakistan,JE Root,OJ Pope,Yasir Shah,2,0,,,,,,,,,
1198242,2020,2020-08-13,The Rose Bowl,2,34.4,England,Pakistan,JE Root,OJ Pope,Yasir Shah,0,0,,,,,,,,,
1198242,2020,2020-08-13,The Rose Bowl,2,34.5,England,Pakistan,JE Root,OJ Pope,Yasir Shah,0,0,,,,,,,,,
1198242,2020,2020-08-13,The Rose Bowl,2,34.6,England,Pakistan,JE Root,OJ Pope,Yasir Shah,0,0,,,,,,,,,
1198242,2020,2020-08-13,The Rose Bowl,2,35.1,England,Pakistan,OJ Pope,JE Root,Mohammad Abbas,0,0,,,,,,,,,
1198242,2020,2020-08-13,The Rose Bowl,2,35.2,England,Pakistan,OJ Pope,JE Root,Mohammad Abbas,0,0,,,,,,,,,
1198242,2020,2020-08-13,The Rose Bowl,2,35.3,England,Pakistan,OJ Pope,JE Root,Mohammad Abbas,1,0,,,,,,,,,
1198242,2020,2020-08-13,The Rose Bowl,2,35.4,England,Pakistan,JE Root,OJ Pope,Mohammad Abbas,0,0,,,,,,,,,
1198242,2020,2020-08-13,The Rose Bowl,2,35.5,England,Pakistan,JE Root,OJ Pope,Mohammad Abbas,0,0,,,,,,,,,
1198242,2020,2020-08-13,The Rose Bowl,2,35.6,England,Pakistan,JE Root,OJ Pope,Mohammad Abbas,0,0,,,,,,,,,
1198242,2020,2020-08-13,The Rose Bowl,2,36.1,England,Pakistan,OJ Pope,JE Root,Yasir Shah,0,0,,,,,,,,,
1198242,2020,2020-08-13,The Rose Bowl,2,36.2,England,Pakistan,OJ Pope,JE Root,Yasir Shah,1,0,,,,,,,,,
1198242,2020,2020-08-13,The Rose Bowl,2,36.3,England,Pakistan,JE Root,OJ Pope,Yasir Shah,1,0,,,,,,,,,
1198242,2020,2020-08-13,The Rose Bowl,2,36.4,England,Pakistan,OJ Pope,JE Root,Yasir Shah,3,0,,,,,,,,,
1198242,2020,2020-08-13,The Rose Bowl,2,36.5,England,Pakistan,JE Root,OJ Pope,Yasir Shah,0,0,,,,,,,,,
1198242,2020,2020-08-13,The Rose Bowl,2,36.6,England,Pakistan,JE Root,OJ Pope,Yasir Shah,0,0,,,,,,,,,
1198242,2020,2020-08-13,The Rose Bowl,2,37.1,England,Pakistan,OJ Pope,JE Root,Mohammad Abbas,0,0,,,,,,,,,
1198242,2020,2020-08-13,The Rose Bowl,2,37.2,England,Pakistan,OJ Pope,JE Root,Mohammad Abbas,0,0,,,,,,,,,
1198242,2020,2020-08-13,The Rose Bowl,2,37.3,England,Pakistan,OJ Pope,JE Root,Mohammad Abbas,0,0,,,,,,,,,
1198242,2020,2020-08-13,The Rose Bowl,2,37.4,England,Pakistan,OJ Pope,JE Root,Mohammad Abbas,0,0,,,,,,,,,
1198242,2020,2020-08-13,The Rose Bowl,2,37.5,England,Pakistan,OJ Pope,JE Root,Mohammad Abbas,0,0,,,,,,,,,
1198242,2020,2020-08-13,The Rose Bowl,2,37.6,England,Pakistan,OJ Pope,JE Root,Mohammad Abbas,4,0,,,,,,,,,
1198242,2020,2020-08-13,The Rose Bowl,2,38.1,England,Pakistan,JE Root,OJ Pope,Yasir Shah,0,0,,,,,,,,,
1198242,2020,2020-08-13,The Rose Bowl,2,38.2,England,Pakistan,JE Root,OJ Pope,Yasir Shah,0,0,,,,,,,,,
1198242,2020,2020-08-13,The Rose Bowl,2,38.3,England,Pakistan,JE Root,OJ Pope,Yasir Shah,1,0,,,,,,,,,
1198242,2020,2020-08-13,The Rose Bowl,2,38.4,England,Pakistan,OJ Pope,JE Root,Yasir Shah,0,0,,,,,,lbw,OJ Pope,,
1198242,2020,2020-08-13,The Rose Bowl,2,38.5,England,Pakistan,JC Buttler,JE Root,Yasir Shah,0,0,,,,,,,,,
1198242,2020,2020-08-13,The Rose Bowl,2,38.6,England,Pakistan,JC Buttler,JE Root,Yasir Shah,0,0,,,,,,,,,
1198242,2020,2020-08-13,The Rose Bowl,2,39.1,England,Pakistan,JE Root,JC Buttler,Mohammad Abbas,0,0,,,,,,,,,
1198242,2020,2020-08-13,The Rose Bowl,2,39.2,England,Pakistan,JE Root,JC Buttler,Mohammad Abbas,0,0,,,,,,,,,
1198242,2020,2020-08-13,The Rose Bowl,2,39.3,England,Pakistan,JE Root,JC Buttler,Mohammad Abbas,2,0,,,,,,,,,
1198242,2020,2020-08-13,The Rose Bowl,2,39.4,England,Pakistan,JE Root,JC Buttler,Mohammad Abbas,0,0,,,,,,,,,
1198242,2020,2020-08-13,The Rose Bowl,2,39.5,England,Pakistan,JE Root,JC Buttler,Mohammad Abbas,0,0,,,,,,,,,
1198242,2020,2020-08-13,The Rose Bowl,2,39.6,England,Pakistan,JE Root,JC Buttler,Mohammad Abbas,0,0,,,,,,,,,
1198242,2020,2020-08-13,The Rose Bowl,2,40.1,England,Pakistan,JC Buttler,JE Root,Yasir Shah,0,0,,,,,,,,,
1198242,2020,2020-08-13,The Rose Bowl,2,40.2,England,Pakistan,JC Buttler,JE Root,Yasir Shah,0,0,,,,,,,,,
1198242,2020,2020-08-13,The Rose Bowl,2,40.3,England,Pakistan,JC Buttler,JE Root,Yasir Shah,0,0,,,,,,,,,
1198242,2020,2020-08-13,The Rose Bowl,2,40.4,England,Pakistan,JC Buttler,JE Root,Yasir Shah,0,0,,,,,,,,,
1198242,2020,2020-08-13,The Rose Bowl,2,40.5,England,Pakistan,JC Buttler,JE Root,Yasir Shah,0,0,,,,,,,,,
1198242,2020,2020-08-13,The Rose Bowl,2,40.6,England,Pakistan,JC Buttler,JE Root,Yasir Shah,0,0,,,,,,,,,
1198242,2020,2020-08-13,The Rose Bowl,2,41.1,England,Pakistan,JE Root,JC Buttler,Mohammad Abbas,0,0,,,,,,,,,
1198242,2020,2020-08-13,The Rose Bowl,2,41.2,England,Pakistan,JE Root,JC Buttler,Mohammad Abbas,3,0,,,,,,,,,
1198242,2020,2020-08-13,The Rose Bowl,2,41.3,England,Pakistan,JC Buttler,JE Root,Mohammad Abbas,0,0,,,,,,,,,
1198242,2020,2020-08-13,The Rose Bowl,2,41.4,England,Pakistan,JC Buttler,JE Root,Mohammad Abbas,0,0,,,,,,,,,
1198242,2020,2020-08-13,The Rose Bowl,2,41.5,England,Pakistan,JC Buttler,JE Root,Mohammad Abbas,0,0,,,,,,,,,
1198242,2020,2020-08-13,The Rose Bowl,2,41.6,England,Pakistan,JC Buttler,JE Root,Mohammad Abbas,0,0,,,,,,,,,
1198242,2020,2020-08-13,The Rose Bowl,2,42.1,England,Pakistan,JE Root,JC Buttler,Yasir Shah,0,0,,,,,,,,,
1198242,2020,2020-08-13,The Rose Bowl,2,42.2,England,Pakistan,JE Root,JC Buttler,Yasir Shah,0,0,,,,,,,,,
1198242,2020,2020-08-13,The Rose Bowl,2,42.3,England,Pakistan,JE Root,JC Buttler,Yasir Shah,0,0,,,,,,,,,
1198242,2020,2020-08-13,The Rose Bowl,2,42.4,England,Pakistan,JE Root,JC Buttler,Yasir Shah,0,0,,,,,,,,,
1198242,2020,2020-08-13,The Rose Bowl,2,42.5,England,Pakistan,JE Root,JC Buttler,Yasir Shah,0,0,,,,,,,,,
1198242,2020,2020-08-13,The Rose Bowl,2,42.6,England,Pakistan,JE Root,JC Buttler,Yasir Shah,0,0,,,,,,,,,
1198242,2020,2020-08-13,The Rose Bowl,2,43.1,England,Pakistan,JC Buttler,JE Root,Azhar Ali,0,0,,,,,,,,,
